OrderID;CustomerID;EmployeeID;OrderDate;RequiredDate;ShippedDate;ShipVia;Freight;ShipName;ShipAddress;ShipCity;ShipRegion;ShipPostalCode;ShipCountry
10250;DRACD;2;08/07/1996 00:00:00;05/08/1996 00:00:00;12/07/1996 00:00:00;1;65,8300;Hanari Carnes;Rua do Paço, 67;Rio de Janeiro;RJ;05454-876;Brazil
10251;BLONP;3;08/07/1996 00:00:00;05/08/1996 00:00:00;15/07/1997 00:00:00;1;41,3400;Victuailles en stock;2, rue du Commerce;Lyon;;69004;France
10252;BLONP;3;09/07/1996 00:00:00;06/08/1996 00:00:00;11/07/1996 00:00:00;2;51,3000;Suprêmes délices;Boulevard Tirou, 255;Charleroi;;B-6000;Belgium
10253;DRACD;3;10/07/1996 00:00:00;24/07/1996 00:00:00;16/07/1996 00:00:00;2;58,1700;Hanari Carnes;Rua do Paço, 67;Rio de Janeiro;RJ;05454-876;Brazil
10254;BLONP;1;11/07/1996 00:00:00;08/08/1996 00:00:00;23/07/1996 00:00:00;2;22,9800;Chop-suey Chinese;Hauptstr. 31;Bern;;3012;Switzerland
10255;BLONP;1;12/07/1996 00:00:00;09/08/1996 00:00:00;15/07/1996 00:00:00;1;148,3300;Richter Supermarkt;Starenweg 5;Genève;;1204;Switzerland
10256;DRACD;3;15/07/1996 00:00:00;12/08/1996 00:00:00;17/07/1996 00:00:00;1;13,9700;Wellington Importadora;Rua do Mercado, 12;Resende;SP;08737-363;Brazil
10257;BLONP;3;16/07/1996 00:00:00;13/08/1996 00:00:00;22/07/1996 00:00:00;3;81,9100;HILARION-Abastos;Carrera 22 con Ave. Carlos Soublette #8-35;San Cristóbal;Táchira;5022;Venezuela
10258;BLONP;3;17/07/1996 00:00:00;14/08/1996 00:00:00;23/07/1996 00:00:00;1;140,5100;Ernst Handel;Kirchgasse 6;Graz;;8010;Austria
10259;BLONP;1;18/07/1996 00:00:00;15/08/1996 00:00:00;25/07/1996 00:00:00;3;3,2500;Centro comercial Moctezuma;Sierras de Granada 9993;México D.F.;;05022;Mexico
10260;BLONP;3;19/07/1996 00:00:00;16/08/1996 00:00:00;29/07/1996 00:00:00;1;55,0900;Ottilies Käseladen;Mehrheimerstr. 369;Köln;;50739;Germany
10261;DRACD;1;19/07/1996 00:00:00;16/08/1996 00:00:00;30/07/1996 00:00:00;2;3,0500;Que Delícia;Rua da Panificadora, 12;Rio de Janeiro;RJ;02389-673;Brazil
10262;PICCO;3;22/07/1996 00:00:00;19/08/1996 00:00:00;25/07/1996 00:00:00;3;48,2900;Rattlesnake Canyon Grocery;2817 Milton Dr.;Albuquerque;NM;87110;USA
10263;BLONP;3;23/07/1996 00:00:00;20/08/1996 00:00:00;31/07/1996 00:00:00;3;146,0600;Ernst Handel;Kirchgasse 6;Graz;;8010;Austria
10264;BLONP;1;24/07/1996 00:00:00;21/08/1996 00:00:00;23/08/1996 00:00:00;3;3,6700;Folk och fä HB;Åkergatan 24;Bräcke;;S-844 67;Sweden
10265;BLONP;3;25/07/1996 00:00:00;22/08/1996 00:00:00;12/08/1996 00:00:00;3;55,2800;Blondel père et fils;24, place Kléber;Strasbourg;;67000;France
10266;BLONP;3;26/07/1996 00:00:00;06/09/1996 00:00:00;31/07/1996 00:00:00;3;25,7300;Wartian Herkku;Torikatu 38;Oulu;;90110;Finland
10267;BLONP;3;29/07/1996 00:00:00;26/08/1996 00:00:00;06/08/1996 00:00:00;1;208,5800;Frankenversand;Berliner Platz 43;München;;80805;Germany
10268;BLONP;3;30/07/1996 00:00:00;27/08/1996 00:00:00;02/08/1996 00:00:00;3;66,2900;GROSELLA-Restaurante;5ª Ave. Los Palos Grandes;Caracas;DF;1081;Venezuela
10269;FISSA;1;31/07/1996 00:00:00;14/08/1996 00:00:00;09/08/1996 00:00:00;1;4,5600;White Clover Markets;1029 - 12th Ave. S.;Seattle;WA;98124;USA
10270;BLONP;3;01/08/1996 00:00:00;29/08/1996 00:00:00;02/08/1996 00:00:00;1;136,5400;Wartian Herkku;Torikatu 38;Oulu;;90110;Finland
10271;BLONP;1;01/08/1996 00:00:00;29/08/1996 00:00:00;30/08/1996 00:00:00;2;4,5400;Split Rail Beer & Ale;P.O. Box 555;Lander;WY;82520;USA
10272;PICCO;3;02/08/1996 00:00:00;30/08/1996 00:00:00;06/08/1996 00:00:00;2;98,0300;Rattlesnake Canyon Grocery;2817 Milton Dr.;Albuquerque;NM;87110;USA
10273;FISSA;3;05/08/1996 00:00:00;02/09/1996 00:00:00;12/08/1996 00:00:00;3;76,0700;QUICK-Stop;Taucherstraße 10;Cunewalde;;01307;Germany
10274;BLONP;1;06/08/1996 00:00:00;03/09/1996 00:00:00;16/08/1996 00:00:00;1;6,0100;Vins et alcools Chevalier;59 rue de l'Abbaye;Reims;;51100;France
10275;BLONP;3;07/08/1996 00:00:00;04/09/1996 00:00:00;09/08/1996 00:00:00;1;26,9300;Magazzini Alimentari Riuniti;Via Ludovico il Moro 22;Bergamo;;24100;Italy
10276;BLONP;3;08/08/1996 00:00:00;22/08/1996 00:00:00;14/08/1996 00:00:00;3;13,8400;Tortuga Restaurante;Avda. Azteca 123;México D.F.;;05033;Mexico
10277;BLONP;3;09/08/1996 00:00:00;06/09/1996 00:00:00;13/08/1996 00:00:00;3;125,7700;Morgenstern Gesundkost;Heerstr. 22;Leipzig;;04179;Germany
10278;BLONP;3;12/08/1996 00:00:00;09/09/1996 00:00:00;16/08/1996 00:00:00;2;92,6900;Berglunds snabbköp;Berguvsvägen  8;Luleå;;S-958 22;Sweden
10279;BLONP;3;13/08/1996 00:00:00;10/09/1996 00:00:00;16/08/1996 00:00:00;2;25,8300;Lehmanns Marktstand;Magazinweg 7;Frankfurt a.M.;;60528;Germany
10280;BLONP;1;14/08/1996 00:00:00;11/09/1996 00:00:00;12/09/1996 00:00:00;1;8,9800;Berglunds snabbköp;Berguvsvägen  8;Luleå;;S-958 22;Sweden
10281;BLONP;1;14/08/1996 00:00:00;28/08/1996 00:00:00;21/08/1996 00:00:00;1;2,9400;Romero y tomillo;Gran Vía, 1;Madrid;;28001;Spain
10282;BLONP;3;15/08/1996 00:00:00;12/09/1996 00:00:00;21/08/1996 00:00:00;1;12,6900;Romero y tomillo;Gran Vía, 1;Madrid;;28001;Spain
10283;BLONP;3;16/08/1996 00:00:00;13/09/1996 00:00:00;23/08/1996 00:00:00;3;84,8100;LILA-Supermercado;Carrera 52 con Ave. Bolívar #65-98 Llano Largo;Barquisimeto;Lara;3508;Venezuela
10284;BLONP;3;19/08/1996 00:00:00;16/09/1996 00:00:00;27/08/1996 00:00:00;1;76,5600;Lehmanns Marktstand;Magazinweg 7;Frankfurt a.M.;;60528;Germany
10285;FISSA;3;20/08/1996 00:00:00;17/09/1996 00:00:00;26/08/1996 00:00:00;2;76,8300;QUICK-Stop;Taucherstraße 10;Cunewalde;;01307;Germany
10286;FISSA;3;21/08/1996 00:00:00;18/09/1996 00:00:00;30/08/1996 00:00:00;3;229,2400;QUICK-Stop;Taucherstraße 10;Cunewalde;;01307;Germany
10287;DRACD;3;22/08/1996 00:00:00;19/09/1996 00:00:00;28/08/1996 00:00:00;3;12,7600;Ricardo Adocicados;Av. Copacabana, 267;Rio de Janeiro;RJ;02389-890;Brazil
10288;BLONP;1;23/08/1996 00:00:00;20/09/1996 00:00:00;03/09/1996 00:00:00;1;7,4500;Reggiani Caseifici;Strada Provinciale 124;Reggio Emilia;;42100;Italy
10289;BLONP;3;26/08/1996 00:00:00;23/09/1996 00:00:00;28/08/1996 00:00:00;3;22,7700;B's Beverages;Fauntleroy Circus;London;;EC2 5NT;UK
10290;DRACD;3;27/08/1996 00:00:00;24/09/1996 00:00:00;03/09/1996 00:00:00;1;79,7000;Comércio Mineiro;Av. dos Lusíadas, 23;Sao Paulo;SP;05432-043;Brazil
10291;DRACD;1;27/08/1996 00:00:00;24/09/1996 00:00:00;04/09/1996 00:00:00;2;6,4000;Que Delícia;Rua da Panificadora, 12;Rio de Janeiro;RJ;02389-673;Brazil
10292;DRACD;1;28/08/1996 00:00:00;25/09/1996 00:00:00;02/09/1996 00:00:00;2;1,3500;Tradiçao Hipermercados;Av. Inês de Castro, 414;Sao Paulo;SP;05634-030;Brazil
10293;BLONP;3;29/08/1996 00:00:00;26/09/1996 00:00:00;11/09/1996 00:00:00;3;21,1800;Tortuga Restaurante;Avda. Azteca 123;México D.F.;;05033;Mexico
10294;PICCO;3;30/08/1996 00:00:00;27/09/1996 00:00:00;05/09/1996 00:00:00;2;147,2600;Rattlesnake Canyon Grocery;2817 Milton Dr.;Albuquerque;NM;87110;USA
10295;BLONP;1;02/09/1996 00:00:00;30/09/1996 00:00:00;10/09/1996 00:00:00;2;1,1500;Vins et alcools Chevalier;59 rue de l'Abbaye;Reims;;51100;France
10296;ANTON;1;03/09/1996 00:00:00;01/10/1996 00:00:00;11/09/1996 00:00:00;1;0,1200;LILA-Supermercado;Carrera 52 con Ave. Bolívar #65-98 Llano Largo;Barquisimeto;Lara;3508;Venezuela
10297;BLONP;1;04/09/1996 00:00:00;16/10/1996 00:00:00;10/09/1996 00:00:00;2;5,7400;Blondel père et fils;24, place Kléber;Strasbourg;;67000;France
10298;BLONP;3;05/09/1996 00:00:00;03/10/1996 00:00:00;11/09/1996 00:00:00;2;168,2200;Hungry Owl All-Night Grocers;8 Johnstown Road;Cork;Co. Cork;;Ireland
10299;DRACD;3;06/09/1996 00:00:00;04/10/1996 00:00:00;13/09/1996 00:00:00;2;29,7600;Ricardo Adocicados;Av. Copacabana, 267;Rio de Janeiro;RJ;02389-890;Brazil
10300;BLONP;3;09/09/1996 00:00:00;07/10/1996 00:00:00;18/09/1996 00:00:00;2;17,6800;Magazzini Alimentari Riuniti;Via Ludovico il Moro 22;Bergamo;;24100;Italy
10301;BLONP;3;09/09/1996 00:00:00;07/10/1996 00:00:00;17/09/1996 00:00:00;2;45,0800;Die Wandernde Kuh;Adenauerallee 900;Stuttgart;;70563;Germany
10302;BLONP;1;10/09/1996 00:00:00;08/10/1996 00:00:00;09/10/1996 00:00:00;2;6,2700;Suprêmes délices;Boulevard Tirou, 255;Charleroi;;B-6000;Belgium
10303;BLONP;3;11/09/1996 00:00:00;09/10/1996 00:00:00;18/09/1996 00:00:00;2;107,8300;Godos Cocina Típica;C/ Romero, 33;Sevilla;;41101;Spain
10304;BLONP;3;12/09/1996 00:00:00;10/10/1996 00:00:00;17/09/1996 00:00:00;2;63,7900;Tortuga Restaurante;Avda. Azteca 123;México D.F.;;05033;Mexico
10305;PICCO;3;13/09/1996 00:00:00;11/10/1996 00:00:00;09/10/1996 00:00:00;3;257,6200;Old World Delicatessen;2743 Bering St.;Anchorage;AK;99508;USA
10306;BLONP;1;16/09/1996 00:00:00;14/10/1996 00:00:00;23/09/1996 00:00:00;3;7,5600;Romero y tomillo;Gran Vía, 1;Madrid;;28001;Spain
10307;ANTON;1;17/09/1996 00:00:00;15/10/1996 00:00:00;25/09/1996 00:00:00;2;0,5600;Lonesome Pine Restaurant;89 Chiaroscuro Rd.;Portland;OR;97219;USA
10308;BLONP;1;18/09/1996 00:00:00;16/10/1996 00:00:00;24/09/1996 00:00:00;3;1,6100;Ana Trujillo Emparedados y helados;Avda. de la Constitución 2222;México D.F.;;05021;Mexico
10309;BLONP;3;19/09/1996 00:00:00;17/10/1996 00:00:00;23/10/1996 00:00:00;1;47,3000;Hungry Owl All-Night Grocers;8 Johnstown Road;Cork;Co. Cork;;Ireland
10310;BLONP;3;20/09/1996 00:00:00;18/10/1996 00:00:00;27/09/1996 00:00:00;2;17,5200;The Big Cheese;89 Jefferson Way Suite 2;Portland;OR;97201;USA
10311;BLONP;3;20/09/1996 00:00:00;04/10/1996 00:00:00;26/09/1996 00:00:00;3;24,6900;Du monde entier;67, rue des Cinquante Otages;Nantes;;44000;France
10312;BLONP;3;23/09/1996 00:00:00;21/10/1996 00:00:00;03/10/1996 00:00:00;2;40,2600;Die Wandernde Kuh;Adenauerallee 900;Stuttgart;;70563;Germany
10313;FISSA;1;24/09/1996 00:00:00;22/10/1996 00:00:00;04/10/1996 00:00:00;2;1,9600;QUICK-Stop;Taucherstraße 10;Cunewalde;;01307;Germany
10314;PICCO;3;25/09/1996 00:00:00;23/10/1996 00:00:00;04/10/1996 00:00:00;2;74,1600;Rattlesnake Canyon Grocery;2817 Milton Dr.;Albuquerque;NM;87110;USA
10315;BLONP;3;26/09/1996 00:00:00;24/10/1996 00:00:00;03/10/1996 00:00:00;2;41,7600;Island Trading;Garden House Crowther Way;Cowes;Isle of Wight;PO31 7PJ;UK
10316;PICCO;3;27/09/1996 00:00:00;25/10/1996 00:00:00;08/10/1996 00:00:00;3;150,1500;Rattlesnake Canyon Grocery;2817 Milton Dr.;Albuquerque;NM;87110;USA
10317;BLONP;3;30/09/1996 00:00:00;28/10/1996 00:00:00;10/10/1996 00:00:00;1;12,6900;Lonesome Pine Restaurant;89 Chiaroscuro Rd.;Portland;OR;97219;USA
10318;BLONP;1;01/10/1996 00:00:00;29/10/1996 00:00:00;04/10/1996 00:00:00;2;4,7300;Island Trading;Garden House Crowther Way;Cowes;Isle of Wight;PO31 7PJ;UK
10319;BLONP;3;02/10/1996 00:00:00;30/10/1996 00:00:00;11/10/1996 00:00:00;3;64,5000;Tortuga Restaurante;Avda. Azteca 123;México D.F.;;05033;Mexico
10320;BLONP;3;03/10/1996 00:00:00;17/10/1996 00:00:00;18/10/1996 00:00:00;3;34,5700;Wartian Herkku;Torikatu 38;Oulu;;90110;Finland
10321;BLONP;1;03/10/1996 00:00:00;31/10/1996 00:00:00;11/10/1996 00:00:00;2;3,4300;Island Trading;Garden House Crowther Way;Cowes;Isle of Wight;PO31 7PJ;UK
10322;ANTON;1;04/10/1996 00:00:00;01/11/1996 00:00:00;23/10/1996 00:00:00;3;0,4000;Pericles Comidas clásicas;Calle Dr. Jorge Cash 321;México D.F.;;05033;Mexico
10323;BLONP;1;07/10/1996 00:00:00;04/11/1996 00:00:00;14/10/1996 00:00:00;1;4,8800;Königlich Essen;Maubelstr. 90;Brandenburg;;14776;Germany
10324;BLONP;3;08/10/1996 00:00:00;05/11/1996 00:00:00;10/10/1996 00:00:00;1;214,2700;Save-a-lot Markets;187 Suffolk Ln.;Boise;ID;83720;USA
10325;BLONP;3;09/10/1996 00:00:00;23/10/1996 00:00:00;14/10/1996 00:00:00;3;64,8600;Königlich Essen;Maubelstr. 90;Brandenburg;;14776;Germany
10326;BLONP;3;10/10/1996 00:00:00;07/11/1996 00:00:00;14/10/1996 00:00:00;2;77,9200;Bólido Comidas preparadas;C/ Araquil, 67;Madrid;;28023;Spain
10327;BLONP;3;11/10/1996 00:00:00;08/11/1996 00:00:00;14/10/1996 00:00:00;1;63,3600;Folk och fä HB;Åkergatan 24;Bräcke;;S-844 67;Sweden
10328;BLONP;3;14/10/1996 00:00:00;11/11/1996 00:00:00;17/10/1996 00:00:00;3;87,0300;Furia Bacalhau e Frutos do Mar;Jardim das rosas n. 32;Lisboa;;1675;Portugal
10329;BLONP;3;15/10/1996 00:00:00;26/11/1996 00:00:00;23/10/1996 00:00:00;2;191,6700;Split Rail Beer & Ale;P.O. Box 555;Lander;WY;82520;USA
10330;BLONP;3;16/10/1996 00:00:00;13/11/1996 00:00:00;28/10/1996 00:00:00;1;12,7500;LILA-Supermercado;Carrera 52 con Ave. Bolívar #65-98 Llano Largo;Barquisimeto;Lara;3508;Venezuela
10331;BLONP;1;16/10/1996 00:00:00;27/11/1996 00:00:00;21/10/1996 00:00:00;1;10,1900;Bon app';12, rue des Bouchers;Marseille;;13008;France
10332;DRACD;3;17/10/1996 00:00:00;28/11/1996 00:00:00;21/10/1996 00:00:00;2;52,8400;Mère Paillarde;43 rue St. Laurent;Montréal;Québec;H1J 1C3;Canada
10333;BLONP;1;18/10/1996 00:00:00;15/11/1996 00:00:00;25/10/1996 00:00:00;3;0,5900;Wartian Herkku;Torikatu 38;Oulu;;90110;Finland
10334;BLONP;1;21/10/1996 00:00:00;18/11/1996 00:00:00;28/10/1996 00:00:00;2;8,5600;Victuailles en stock;2, rue du Commerce;Lyon;;69004;France
10335;BLONP;3;22/10/1996 00:00:00;19/11/1996 00:00:00;24/10/1996 00:00:00;2;42,1100;Hungry Owl All-Night Grocers;8 Johnstown Road;Cork;Co. Cork;;Ireland
10336;BLONP;3;23/10/1996 00:00:00;20/11/1996 00:00:00;25/10/1996 00:00:00;2;15,5100;Princesa Isabel Vinhos;Estrada da saúde n. 58;Lisboa;;1756;Portugal
10337;BLONP;3;24/10/1996 00:00:00;21/11/1996 00:00:00;29/10/1996 00:00:00;3;108,2600;Frankenversand;Berliner Platz 43;München;;80805;Germany
10338;PICCO;3;25/10/1996 00:00:00;22/11/1996 00:00:00;29/10/1996 00:00:00;3;84,2100;Old World Delicatessen;2743 Bering St.;Anchorage;AK;99508;USA
10339;DRACD;3;28/10/1996 00:00:00;25/11/1996 00:00:00;04/11/1996 00:00:00;2;15,6600;Mère Paillarde;43 rue St. Laurent;Montréal;Québec;H1J 1C3;Canada
10340;BLONP;3;29/10/1996 00:00:00;26/11/1996 00:00:00;08/11/1996 00:00:00;3;166,3100;Bon app';12, rue des Bouchers;Marseille;;13008;France
10341;BLONP;3;29/10/1996 00:00:00;26/11/1996 00:00:00;05/11/1996 00:00:00;3;26,7800;Simons bistro;Vinbæltet 34;Kobenhavn;;1734;Denmark
10342;BLONP;3;30/10/1996 00:00:00;13/11/1996 00:00:00;04/11/1996 00:00:00;2;54,8300;Frankenversand;Berliner Platz 43;München;;80805;Germany
10343;BLONP;3;31/10/1996 00:00:00;28/11/1996 00:00:00;06/11/1996 00:00:00;1;110,3700;Lehmanns Marktstand;Magazinweg 7;Frankfurt a.M.;;60528;Germany
10344;FISSA;3;01/11/1996 00:00:00;29/11/1996 00:00:00;05/11/1996 00:00:00;2;23,2900;White Clover Markets;1029 - 12th Ave. S.;Seattle;WA;98124;USA
10345;FISSA;3;04/11/1996 00:00:00;02/12/1996 00:00:00;11/11/1996 00:00:00;2;249,0600;QUICK-Stop;Taucherstraße 10;Cunewalde;;01307;Germany
10346;PICCO;3;05/11/1996 00:00:00;17/12/1996 00:00:00;08/11/1996 00:00:00;3;142,0800;Rattlesnake Canyon Grocery;2817 Milton Dr.;Albuquerque;NM;87110;USA
10347;DRACD;1;06/11/1996 00:00:00;04/12/1996 00:00:00;08/11/1996 00:00:00;3;3,1000;Familia Arquibaldo;Rua Orós, 92;Sao Paulo;SP;05442-030;Brazil
10348;BLONP;1;07/11/1996 00:00:00;05/12/1996 00:00:00;15/11/1996 00:00:00;2;0,7800;Die Wandernde Kuh;Adenauerallee 900;Stuttgart;;70563;Germany
10349;BLONP;1;08/11/1996 00:00:00;06/12/1996 00:00:00;15/11/1996 00:00:00;1;8,6300;Split Rail Beer & Ale;P.O. Box 555;Lander;WY;82520;USA
10350;BLONP;3;11/11/1996 00:00:00;09/12/1996 00:00:00;03/12/1996 00:00:00;2;64,1900;La maison d'Asie;1 rue Alsace-Lorraine;Toulouse;;31000;France
10351;BLONP;3;11/11/1996 00:00:00;09/12/1996 00:00:00;20/11/1996 00:00:00;1;162,3300;Ernst Handel;Kirchgasse 6;Graz;;8010;Austria
10352;BLONP;1;12/11/1996 00:00:00;26/11/1996 00:00:00;18/11/1996 00:00:00;3;1,3000;Furia Bacalhau e Frutos do Mar;Jardim das rosas n. 32;Lisboa;;1675;Portugal
10353;BLONP;3;13/11/1996 00:00:00;11/12/1996 00:00:00;25/11/1996 00:00:00;3;360,6300;Piccolo und mehr;Geislweg 14;Salzburg;;5020;Austria
10354;BLONP;3;14/11/1996 00:00:00;12/12/1996 00:00:00;20/11/1996 00:00:00;3;53,8000;Pericles Comidas clásicas;Calle Dr. Jorge Cash 321;México D.F.;;05033;Mexico
10355;BLONP;3;15/11/1996 00:00:00;13/12/1996 00:00:00;20/11/1996 00:00:00;1;41,9500;Around the Horn;Brook Farm Stratford St. Mary;Colchester;Essex;CO7 6JX;UK
10356;BLONP;3;18/11/1996 00:00:00;16/12/1996 00:00:00;27/11/1996 00:00:00;2;36,7100;Die Wandernde Kuh;Adenauerallee 900;Stuttgart;;70563;Germany
10357;BLONP;3;19/11/1996 00:00:00;17/12/1996 00:00:00;02/12/1996 00:00:00;3;34,8800;LILA-Supermercado;Carrera 52 con Ave. Bolívar #65-98 Llano Largo;Barquisimeto;Lara;3508;Venezuela
10358;BLONP;3;20/11/1996 00:00:00;18/12/1996 00:00:00;27/11/1996 00:00:00;1;19,6400;La maison d'Asie;1 rue Alsace-Lorraine;Toulouse;;31000;France
10359;BLONP;3;21/11/1996 00:00:00;19/12/1996 00:00:00;26/11/1996 00:00:00;3;288,4300;Seven Seas Imports;90 Wadhurst Rd.;London;;OX15 4NB;UK
10360;BLONP;3;22/11/1996 00:00:00;20/12/1996 00:00:00;02/12/1996 00:00:00;3;131,7000;Blondel père et fils;24, place Kléber;Strasbourg;;67000;France
10361;FISSA;3;22/11/1996 00:00:00;20/12/1996 00:00:00;03/12/1996 00:00:00;2;183,1700;QUICK-Stop;Taucherstraße 10;Cunewalde;;01307;Germany
10362;BLONP;3;25/11/1996 00:00:00;23/12/1996 00:00:00;28/11/1996 00:00:00;1;96,0400;Bon app';12, rue des Bouchers;Marseille;;13008;France
10363;BLONP;3;26/11/1996 00:00:00;24/12/1996 00:00:00;04/12/1996 00:00:00;3;30,5400;Drachenblut Delikatessen;Walserweg 21;Aachen;;52066;Germany
10364;BLONP;3;26/11/1996 00:00:00;07/01/1997 00:00:00;04/12/1996 00:00:00;1;71,9700;Eastern Connection;35 King George;London;;WX3 6FW;UK
10365;BLONP;3;27/11/1996 00:00:00;25/12/1996 00:00:00;02/12/1996 00:00:00;2;22,0000;Antonio Moreno Taquería;Mataderos  2312;México D.F.;;05023;Mexico
10366;BLONP;1;28/11/1996 00:00:00;09/01/1997 00:00:00;30/12/1996 00:00:00;2;10,1400;Galería del gastronómo;Rambla de Cataluña, 23;Barcelona;;8022;Spain
10367;BLONP;3;28/11/1996 00:00:00;26/12/1996 00:00:00;02/12/1996 00:00:00;3;13,5500;Vaffeljernet;Smagsloget 45;Århus;;8200;Denmark
10368;BLONP;3;29/11/1996 00:00:00;27/12/1996 00:00:00;02/12/1996 00:00:00;2;101,9500;Ernst Handel;Kirchgasse 6;Graz;;8010;Austria
10369;BLONP;3;02/12/1996 00:00:00;30/12/1996 00:00:00;09/12/1996 00:00:00;2;195,6800;Split Rail Beer & Ale;P.O. Box 555;Lander;WY;82520;USA
10370;BLONP;1;03/12/1996 00:00:00;31/12/1996 00:00:00;27/12/1996 00:00:00;2;1,1700;Chop-suey Chinese;Hauptstr. 31;Bern;;3012;Switzerland
10371;ANTON;1;03/12/1996 00:00:00;31/12/1996 00:00:00;24/12/1996 00:00:00;1;0,4500;La maison d'Asie;1 rue Alsace-Lorraine;Toulouse;;31000;France
10372;DRACD;3;04/12/1996 00:00:00;01/01/1997 00:00:00;09/12/1996 00:00:00;2;890,7800;Queen Cozinha;Alameda dos Canàrios, 891;Sao Paulo;SP;05487-020;Brazil
10373;BLONP;3;05/12/1996 00:00:00;02/01/1997 00:00:00;11/12/1996 00:00:00;3;124,1200;Hungry Owl All-Night Grocers;8 Johnstown Road;Cork;Co. Cork;;Ireland
10374;FISSA;1;05/12/1996 00:00:00;02/01/1997 00:00:00;09/12/1996 00:00:00;3;3,9400;Wolski Zajazd;ul. Filtrowa 68;Warszawa;;01-012;Poland
10375;BLONP;3;06/12/1996 00:00:00;03/01/1997 00:00:00;09/12/1996 00:00:00;2;20,1200;Hungry Coyote Import Store;City Center Plaza 516 Main St.;Elgin;OR;97827;USA
10376;DRACD;3;09/12/1996 00:00:00;06/01/1997 00:00:00;13/12/1996 00:00:00;2;20,3900;Mère Paillarde;43 rue St. Laurent;Montréal;Québec;H1J 1C3;Canada
10377;BLONP;3;09/12/1996 00:00:00;06/01/1997 00:00:00;13/12/1996 00:00:00;3;22,2100;Seven Seas Imports;90 Wadhurst Rd.;London;;OX15 4NB;UK
10378;BLONP;1;10/12/1996 00:00:00;07/01/1997 00:00:00;19/12/1996 00:00:00;3;5,4400;Folk och fä HB;Åkergatan 24;Bräcke;;S-844 67;Sweden
10379;DRACD;3;11/12/1996 00:00:00;08/01/1997 00:00:00;13/12/1996 00:00:00;1;45,0300;Que Delícia;Rua da Panificadora, 12;Rio de Janeiro;RJ;02389-673;Brazil
10380;FISSA;3;12/12/1996 00:00:00;09/01/1997 00:00:00;16/01/1997 00:00:00;3;35,0300;Hungry Owl All-Night Grocers;8 Johnstown Road;Cork;Co. Cork;;Ireland
10381;BLONP;1;12/12/1996 00:00:00;09/01/1997 00:00:00;13/12/1996 00:00:00;3;7,9900;LILA-Supermercado;Carrera 52 con Ave. Bolívar #65-98 Llano Largo;Barquisimeto;Lara;3508;Venezuela
10382;BLONP;3;13/12/1996 00:00:00;10/01/1997 00:00:00;16/12/1996 00:00:00;1;94,7700;Ernst Handel;Kirchgasse 6;Graz;;8010;Austria
10383;BLONP;3;16/12/1996 00:00:00;13/01/1997 00:00:00;18/12/1996 00:00:00;3;34,2400;Around the Horn;Brook Farm Stratford St. Mary;Colchester;Essex;CO7 6JX;UK
10384;BLONP;3;16/12/1996 00:00:00;13/01/1997 00:00:00;20/12/1996 00:00:00;3;168,6400;Berglunds snabbköp;Berguvsvägen  8;Luleå;;S-958 22;Sweden
10385;BLONP;3;17/12/1996 00:00:00;14/01/1997 00:00:00;23/12/1996 00:00:00;2;30,9600;Split Rail Beer & Ale;P.O. Box 555;Lander;WY;82520;USA
10386;DRACD;3;18/12/1996 00:00:00;01/01/1997 00:00:00;25/12/1996 00:00:00;3;13,9900;Familia Arquibaldo;Rua Orós, 92;Sao Paulo;SP;05442-030;Brazil
10387;BLONP;3;18/12/1996 00:00:00;15/01/1997 00:00:00;20/12/1996 00:00:00;2;93,6300;Santé Gourmet;Erling Skakkes gate 78;Stavern;;4110;Norway
10388;BLONP;3;19/12/1996 00:00:00;16/01/1997 00:00:00;20/12/1996 00:00:00;1;34,8600;Seven Seas Imports;90 Wadhurst Rd.;London;;OX15 4NB;UK
10389;BLONP;3;20/12/1996 00:00:00;17/01/1997 00:00:00;24/12/1996 00:00:00;2;47,4200;Bottom-Dollar Markets;23 Tsawassen Blvd.;Tsawassen;BC;T2F 8M4;Canada
10390;BLONP;3;23/12/1996 00:00:00;20/01/1997 00:00:00;26/12/1996 00:00:00;1;126,3800;Ernst Handel;Kirchgasse 6;Graz;;8010;Austria
10391;BLONP;1;23/12/1996 00:00:00;20/01/1997 00:00:00;31/12/1996 00:00:00;3;5,4500;Drachenblut Delikatessen;Walserweg 21;Aachen;;52066;Germany
10392;BLONP;3;24/12/1996 00:00:00;21/01/1997 00:00:00;01/01/1997 00:00:00;3;122,4600;Piccolo und mehr;Geislweg 14;Salzburg;;5020;Austria
10393;BLONP;3;25/12/1996 00:00:00;22/01/1997 00:00:00;03/01/1997 00:00:00;3;126,5600;Save-a-lot Markets;187 Suffolk Ln.;Boise;ID;83720;USA
10394;BLONP;3;25/12/1996 00:00:00;22/01/1997 00:00:00;03/01/1997 00:00:00;3;30,3400;Hungry Coyote Import Store;City Center Plaza 516 Main St.;Elgin;OR;97827;USA
10395;BLONP;3;26/12/1996 00:00:00;23/01/1997 00:00:00;03/01/1997 00:00:00;1;184,4100;HILARION-Abastos;Carrera 22 con Ave. Carlos Soublette #8-35;San Cristóbal;Táchira;5022;Venezuela
10396;BLONP;3;27/12/1996 00:00:00;10/01/1997 00:00:00;06/01/1997 00:00:00;3;135,3500;Frankenversand;Berliner Platz 43;München;;80805;Germany
10397;BLONP;3;27/12/1996 00:00:00;24/01/1997 00:00:00;02/01/1997 00:00:00;1;60,2600;Princesa Isabel Vinhos;Estrada da saúde n. 58;Lisboa;;1756;Portugal
10398;BLONP;3;30/12/1996 00:00:00;27/01/1997 00:00:00;09/01/1997 00:00:00;3;89,1600;Save-a-lot Markets;187 Suffolk Ln.;Boise;ID;83720;USA
10399;BLONP;3;31/12/1996 00:00:00;14/01/1997 00:00:00;08/01/1997 00:00:00;3;27,3600;Vaffeljernet;Smagsloget 45;Århus;;8200;Denmark
10400;BLONP;3;01/01/1997 00:00:00;29/01/1997 00:00:00;16/01/1997 00:00:00;3;83,9300;Eastern Connection;35 King George;London;;WX3 6FW;UK
10401;PICCO;3;01/01/1997 00:00:00;29/01/1997 00:00:00;10/01/1997 00:00:00;1;12,5100;Rattlesnake Canyon Grocery;2817 Milton Dr.;Albuquerque;NM;87110;USA
10402;BLONP;3;02/01/1997 00:00:00;13/02/1997 00:00:00;10/01/1997 00:00:00;2;67,8800;Ernst Handel;Kirchgasse 6;Graz;;8010;Austria
10403;BLONP;3;03/01/1997 00:00:00;31/01/1997 00:00:00;09/01/1997 00:00:00;3;73,7900;Ernst Handel;Kirchgasse 6;Graz;;8010;Austria
10404;BLONP;3;03/01/1997 00:00:00;31/01/1997 00:00:00;08/01/1997 00:00:00;1;155,9700;Magazzini Alimentari Riuniti;Via Ludovico il Moro 22;Bergamo;;24100;Italy
10405;BLONP;3;06/01/1997 00:00:00;03/02/1997 00:00:00;22/01/1997 00:00:00;1;34,8200;LINO-Delicateses;Ave. 5 de Mayo Porlamar;I. de Margarita;Nueva Esparta;4980;Venezuela
10406;DRACD;3;07/01/1997 00:00:00;18/02/1997 00:00:00;13/01/1997 00:00:00;1;108,0400;Queen Cozinha;Alameda dos Canàrios, 891;Sao Paulo;SP;05487-020;Brazil
10407;BLONP;3;07/01/1997 00:00:00;04/02/1997 00:00:00;30/01/1997 00:00:00;2;91,4800;Ottilies Käseladen;Mehrheimerstr. 369;Köln;;50739;Germany
10408;BLONP;3;08/01/1997 00:00:00;05/02/1997 00:00:00;14/01/1997 00:00:00;1;11,2600;Folies gourmandes;184, chaussée de Tournai;Lille;;59000;France
10409;BLONP;3;09/01/1997 00:00:00;06/02/1997 00:00:00;14/01/1997 00:00:00;1;29,8300;Océano Atlántico Ltda.;Ing. Gustavo Moncada 8585 Piso 20-A;Buenos Aires;;1010;Argentina
10410;BLONP;1;10/01/1997 00:00:00;07/02/1997 00:00:00;15/01/1997 00:00:00;3;2,4000;Bottom-Dollar Markets;23 Tsawassen Blvd.;Tsawassen;BC;T2F 8M4;Canada
10411;BLONP;3;10/01/1997 00:00:00;07/02/1997 00:00:00;21/01/1997 00:00:00;3;23,6500;Bottom-Dollar Markets;23 Tsawassen Blvd.;Tsawassen;BC;T2F 8M4;Canada
10412;BLONP;1;13/01/1997 00:00:00;10/02/1997 00:00:00;15/01/1997 00:00:00;2;3,7700;Wartian Herkku;Torikatu 38;Oulu;;90110;Finland
10413;BLONP;3;14/01/1997 00:00:00;11/02/1997 00:00:00;16/01/1997 00:00:00;2;95,6600;La maison d'Asie;1 rue Alsace-Lorraine;Toulouse;;31000;France
10414;DRACD;3;14/01/1997 00:00:00;11/02/1997 00:00:00;17/01/1997 00:00:00;3;21,4800;Familia Arquibaldo;Rua Orós, 92;Sao Paulo;SP;05442-030;Brazil
10415;ANTON;1;15/01/1997 00:00:00;12/02/1997 00:00:00;24/01/1997 00:00:00;1;0,2000;Hungry Coyote Import Store;City Center Plaza 516 Main St.;Elgin;OR;97827;USA
10416;BLONP;3;16/01/1997 00:00:00;13/02/1997 00:00:00;27/01/1997 00:00:00;3;22,7200;Wartian Herkku;Torikatu 38;Oulu;;90110;Finland
10417;BLONP;3;16/01/1997 00:00:00;13/02/1997 00:00:00;28/01/1997 00:00:00;3;70,2900;Simons bistro;Vinbæltet 34;Kobenhavn;;1734;Denmark
10418;FISSA;3;17/01/1997 00:00:00;14/02/1997 00:00:00;24/01/1997 00:00:00;1;17,5500;QUICK-Stop;Taucherstraße 10;Cunewalde;;01307;Germany
10419;BLONP;3;20/01/1997 00:00:00;17/02/1997 00:00:00;30/01/1997 00:00:00;2;137,3500;Richter Supermarkt;Starenweg 5;Genève;;1204;Switzerland
10420;DRACD;3;21/01/1997 00:00:00;18/02/1997 00:00:00;27/01/1997 00:00:00;1;44,1200;Wellington Importadora;Rua do Mercado, 12;Resende;SP;08737-363;Brazil
10421;DRACD;3;21/01/1997 00:00:00;04/03/1997 00:00:00;27/01/1997 00:00:00;1;99,2300;Que Delícia;Rua da Panificadora, 12;Rio de Janeiro;RJ;02389-673;Brazil
10422;BLONP;1;22/01/1997 00:00:00;19/02/1997 00:00:00;31/01/1997 00:00:00;1;3,0200;Franchi S.p.A.;Via Monte Bianco 34;Torino;;10100;Italy
10423;DRACD;3;23/01/1997 00:00:00;06/02/1997 00:00:00;24/02/1997 00:00:00;3;24,5000;Gourmet Lanchonetes;Av. Brasil, 442;Campinas;SP;04876-786;Brazil
10424;DRACD;3;23/01/1997 00:00:00;20/02/1997 00:00:00;27/01/1997 00:00:00;2;370,6100;Mère Paillarde;43 rue St. Laurent;Montréal;Québec;H1J 1C3;Canada
10425;BLONP;1;24/01/1997 00:00:00;21/02/1997 00:00:00;14/02/1997 00:00:00;2;7,9300;La maison d'Asie;1 rue Alsace-Lorraine;Toulouse;;31000;France
10426;BLONP;3;27/01/1997 00:00:00;24/02/1997 00:00:00;06/02/1997 00:00:00;1;18,6900;Galería del gastronómo;Rambla de Cataluña, 23;Barcelona;;8022;Spain
10427;BLONP;3;27/01/1997 00:00:00;24/02/1997 00:00:00;03/03/1997 00:00:00;2;31,2900;Piccolo und mehr;Geislweg 14;Salzburg;;5020;Austria
10428;BLONP;3;28/01/1997 00:00:00;25/02/1997 00:00:00;04/02/1997 00:00:00;1;11,0900;Reggiani Caseifici;Strada Provinciale 124;Reggio Emilia;;42100;Italy
10429;FISSA;3;29/01/1997 00:00:00;12/03/1997 00:00:00;07/02/1997 00:00:00;2;56,6300;Hungry Owl All-Night Grocers;8 Johnstown Road;Cork;Co. Cork;;Ireland
10430;BLONP;3;30/01/1997 00:00:00;13/02/1997 00:00:00;03/02/1997 00:00:00;1;458,7800;Ernst Handel;Kirchgasse 6;Graz;;8010;Austria
10431;BLONP;3;30/01/1997 00:00:00;13/02/1997 00:00:00;07/02/1997 00:00:00;2;44,1700;Bottom-Dollar Markets;23 Tsawassen Blvd.;Tsawassen;BC;T2F 8M4;Canada
10432;BLONP;1;31/01/1997 00:00:00;14/02/1997 00:00:00;07/02/1997 00:00:00;2;4,3400;Split Rail Beer & Ale;P.O. Box 555;Lander;WY;82520;USA
10433;BLONP;3;03/02/1997 00:00:00;03/03/1997 00:00:00;04/03/1997 00:00:00;3;73,8300;Princesa Isabel Vinhos;Estrada da saúde n. 58;Lisboa;;1756;Portugal
10434;BLONP;3;03/02/1997 00:00:00;03/03/1997 00:00:00;13/02/1997 00:00:00;2;17,9200;Folk och fä HB;Åkergatan 24;Bräcke;;S-844 67;Sweden
10435;BLONP;1;04/02/1997 00:00:00;18/03/1997 00:00:00;07/02/1997 00:00:00;2;9,2100;Consolidated Holdings;Berkeley Gardens 12  Brewery;London;;WX1 6LT;UK
10436;BLONP;3;05/02/1997 00:00:00;05/03/1997 00:00:00;11/02/1997 00:00:00;2;156,6600;Blondel père et fils;24, place Kléber;Strasbourg;;67000;France
10437;BLONP;3;05/02/1997 00:00:00;05/03/1997 00:00:00;12/02/1997 00:00:00;1;19,9700;Wartian Herkku;Torikatu 38;Oulu;;90110;Finland
10438;BLONP;1;06/02/1997 00:00:00;06/03/1997 00:00:00;14/02/1997 00:00:00;2;8,2400;Toms Spezialitäten;Luisenstr. 48;Münster;;44087;Germany
10439;DRACD;1;07/02/1997 00:00:00;07/03/1997 00:00:00;10/02/1997 00:00:00;3;4,0700;Mère Paillarde;43 rue St. Laurent;Montréal;Québec;H1J 1C3;Canada
10440;BLONP;3;10/02/1997 00:00:00;10/03/1997 00:00:00;28/02/1997 00:00:00;2;86,5300;Save-a-lot Markets;187 Suffolk Ln.;Boise;ID;83720;USA
10441;PICCO;3;10/02/1997 00:00:00;24/03/1997 00:00:00;14/03/1997 00:00:00;2;73,0200;Old World Delicatessen;2743 Bering St.;Anchorage;AK;99508;USA
10442;BLONP;3;11/02/1997 00:00:00;11/03/1997 00:00:00;18/02/1997 00:00:00;2;47,9400;Ernst Handel;Kirchgasse 6;Graz;;8010;Austria
10443;BLONP;3;12/02/1997 00:00:00;12/03/1997 00:00:00;14/02/1997 00:00:00;1;13,9500;Reggiani Caseifici;Strada Provinciale 124;Reggio Emilia;;42100;Italy
10444;BLONP;1;12/02/1997 00:00:00;12/03/1997 00:00:00;21/02/1997 00:00:00;3;3,5000;Berglunds snabbköp;Berguvsvägen  8;Luleå;;S-958 22;Sweden
10445;BLONP;1;13/02/1997 00:00:00;13/03/1997 00:00:00;20/02/1997 00:00:00;1;9,3000;Berglunds snabbköp;Berguvsvägen  8;Luleå;;S-958 22;Sweden
10446;BLONP;3;14/02/1997 00:00:00;14/03/1997 00:00:00;19/02/1997 00:00:00;1;14,6800;Toms Spezialitäten;Luisenstr. 48;Münster;;44087;Germany
10447;DRACD;3;14/02/1997 00:00:00;14/03/1997 00:00:00;07/03/1997 00:00:00;2;68,6600;Ricardo Adocicados;Av. Copacabana, 267;Rio de Janeiro;RJ;02389-890;Brazil
10448;BLONP;3;17/02/1997 00:00:00;17/03/1997 00:00:00;24/02/1997 00:00:00;2;38,8200;Rancho grande;Av. del Libertador 900;Buenos Aires;;1010;Argentina
10449;BLONP;3;18/02/1997 00:00:00;18/03/1997 00:00:00;27/02/1997 00:00:00;2;53,3000;Blondel père et fils;24, place Kléber;Strasbourg;;67000;France
10450;BLONP;1;19/02/1997 00:00:00;19/03/1997 00:00:00;11/03/1997 00:00:00;2;7,2300;Victuailles en stock;2, rue du Commerce;Lyon;;69004;France
10451;FISSA;3;19/02/1997 00:00:00;05/03/1997 00:00:00;12/03/1997 00:00:00;3;189,0900;QUICK-Stop;Taucherstraße 10;Cunewalde;;01307;Germany
10452;BLONP;3;20/02/1997 00:00:00;20/03/1997 00:00:00;26/02/1997 00:00:00;1;140,2600;Save-a-lot Markets;187 Suffolk Ln.;Boise;ID;83720;USA
10453;BLONP;3;21/02/1997 00:00:00;21/03/1997 00:00:00;26/02/1997 00:00:00;2;25,3600;Around the Horn;Brook Farm Stratford St. Mary;Colchester;Essex;CO7 6JX;UK
10454;BLONP;1;21/02/1997 00:00:00;21/03/1997 00:00:00;25/02/1997 00:00:00;3;2,7400;La maison d'Asie;1 rue Alsace-Lorraine;Toulouse;;31000;France
10455;BLONP;3;24/02/1997 00:00:00;07/04/1997 00:00:00;03/03/1997 00:00:00;2;180,4500;Wartian Herkku;Torikatu 38;Oulu;;90110;Finland
10456;BLONP;1;25/02/1997 00:00:00;08/04/1997 00:00:00;28/02/1997 00:00:00;2;8,1200;Königlich Essen;Maubelstr. 90;Brandenburg;;14776;Germany
10457;BLONP;3;25/02/1997 00:00:00;25/03/1997 00:00:00;03/03/1997 00:00:00;1;11,5700;Königlich Essen;Maubelstr. 90;Brandenburg;;14776;Germany
10458;BLONP;3;26/02/1997 00:00:00;26/03/1997 00:00:00;04/03/1997 00:00:00;3;147,0600;Suprêmes délices;Boulevard Tirou, 255;Charleroi;;B-6000;Belgium
10459;BLONP;3;27/02/1997 00:00:00;27/03/1997 00:00:00;28/02/1997 00:00:00;2;25,0900;Victuailles en stock;2, rue du Commerce;Lyon;;69004;France
10460;BLONP;3;28/02/1997 00:00:00;28/03/1997 00:00:00;03/03/1997 00:00:00;1;16,2700;Folk och fä HB;Åkergatan 24;Bräcke;;S-844 67;Sweden
10461;BLONP;3;28/02/1997 00:00:00;28/03/1997 00:00:00;05/03/1997 00:00:00;3;148,6100;LILA-Supermercado;Carrera 52 con Ave. Bolívar #65-98 Llano Largo;Barquisimeto;Lara;3508;Venezuela
10462;BLONP;1;03/03/1997 00:00:00;31/03/1997 00:00:00;18/03/1997 00:00:00;1;6,1700;Consolidated Holdings;Berkeley Gardens 12  Brewery;London;;WX1 6LT;UK
10463;BLONP;3;04/03/1997 00:00:00;01/04/1997 00:00:00;06/03/1997 00:00:00;3;14,7800;Suprêmes délices;Boulevard Tirou, 255;Charleroi;;B-6000;Belgium
10464;BLONP;3;04/03/1997 00:00:00;01/04/1997 00:00:00;14/03/1997 00:00:00;2;89,0000;Furia Bacalhau e Frutos do Mar;Jardim das rosas n. 32;Lisboa;;1675;Portugal
10465;BLONP;3;05/03/1997 00:00:00;02/04/1997 00:00:00;14/03/1997 00:00:00;3;145,0400;Vaffeljernet;Smagsloget 45;Århus;;8200;Denmark
10466;DRACD;3;06/03/1997 00:00:00;03/04/1997 00:00:00;13/03/1997 00:00:00;1;11,9300;Comércio Mineiro;Av. dos Lusíadas, 23;Sao Paulo;SP;05432-043;Brazil
10467;BLONP;1;06/03/1997 00:00:00;03/04/1997 00:00:00;11/03/1997 00:00:00;2;4,9300;Magazzini Alimentari Riuniti;Via Ludovico il Moro 22;Bergamo;;24100;Italy
10468;BLONP;3;07/03/1997 00:00:00;04/04/1997 00:00:00;12/03/1997 00:00:00;3;44,1200;Königlich Essen;Maubelstr. 90;Brandenburg;;14776;Germany
10469;FISSA;3;10/03/1997 00:00:00;07/04/1997 00:00:00;14/03/1997 00:00:00;1;60,1800;White Clover Markets;1029 - 12th Ave. S.;Seattle;WA;98124;USA
10470;BLONP;3;11/03/1997 00:00:00;08/04/1997 00:00:00;14/03/1997 00:00:00;2;64,5600;Bon app';12, rue des Bouchers;Marseille;;13008;France
10471;BLONP;3;11/03/1997 00:00:00;08/04/1997 00:00:00;18/03/1997 00:00:00;3;45,5900;B's Beverages;Fauntleroy Circus;London;;EC2 5NT;UK
10472;BLONP;1;12/03/1997 00:00:00;09/04/1997 00:00:00;19/03/1997 00:00:00;1;4,2000;Seven Seas Imports;90 Wadhurst Rd.;London;;OX15 4NB;UK
10473;BLONP;3;13/03/1997 00:00:00;27/03/1997 00:00:00;21/03/1997 00:00:00;3;16,3700;Island Trading;Garden House Crowther Way;Cowes;Isle of Wight;PO31 7PJ;UK
10474;BLONP;3;13/03/1997 00:00:00;10/04/1997 00:00:00;21/03/1997 00:00:00;2;83,4900;Pericles Comidas clásicas;Calle Dr. Jorge Cash 321;México D.F.;;05033;Mexico
10475;BLONP;3;14/03/1997 00:00:00;11/04/1997 00:00:00;04/04/1997 00:00:00;1;68,5200;Suprêmes délices;Boulevard Tirou, 255;Charleroi;;B-6000;Belgium
10476;BLONP;1;17/03/1997 00:00:00;14/04/1997 00:00:00;24/03/1997 00:00:00;3;4,4100;HILARION-Abastos;Carrera 22 con Ave. Carlos Soublette #8-35;San Cristóbal;Táchira;5022;Venezuela
10477;BLONP;3;17/03/1997 00:00:00;14/04/1997 00:00:00;25/03/1997 00:00:00;2;13,0200;Princesa Isabel Vinhos;Estrada da saúde n. 58;Lisboa;;1756;Portugal
10478;BLONP;1;18/03/1997 00:00:00;01/04/1997 00:00:00;26/03/1997 00:00:00;3;4,8100;Victuailles en stock;2, rue du Commerce;Lyon;;69004;France
10479;PICCO;3;19/03/1997 00:00:00;16/04/1997 00:00:00;21/03/1997 00:00:00;3;708,9500;Rattlesnake Canyon Grocery;2817 Milton Dr.;Albuquerque;NM;87110;USA
10480;BLONP;1;20/03/1997 00:00:00;17/04/1997 00:00:00;24/03/1997 00:00:00;2;1,3500;Folies gourmandes;184, chaussée de Tournai;Lille;;59000;France
10481;DRACD;3;20/03/1997 00:00:00;17/04/1997 00:00:00;25/03/1997 00:00:00;2;64,3300;Ricardo Adocicados;Av. Copacabana, 267;Rio de Janeiro;RJ;02389-890;Brazil
10482;BLONP;1;21/03/1997 00:00:00;18/04/1997 00:00:00;10/04/1997 00:00:00;3;7,4800;Lazy K Kountry Store;12 Orchestra Terrace;Walla Walla;WA;99362;USA
10483;FISSA;3;24/03/1997 00:00:00;21/04/1997 00:00:00;25/04/1997 00:00:00;2;15,2800;White Clover Markets;1029 - 12th Ave. S.;Seattle;WA;98124;USA
10484;BLONP;1;24/03/1997 00:00:00;21/04/1997 00:00:00;01/04/1997 00:00:00;3;6,8800;B's Beverages;Fauntleroy Circus;London;;EC2 5NT;UK
10485;BLONP;3;25/03/1997 00:00:00;08/04/1997 00:00:00;31/03/1997 00:00:00;2;64,4500;LINO-Delicateses;Ave. 5 de Mayo Porlamar;I. de Margarita;Nueva Esparta;4980;Venezuela
10486;BLONP;3;26/03/1997 00:00:00;23/04/1997 00:00:00;02/04/1997 00:00:00;2;30,5300;HILARION-Abastos;Carrera 22 con Ave. Carlos Soublette #8-35;San Cristóbal;Táchira;5022;Venezuela
10487;DRACD;3;26/03/1997 00:00:00;23/04/1997 00:00:00;28/03/1997 00:00:00;2;71,0700;Queen Cozinha;Alameda dos Canàrios, 891;Sao Paulo;SP;05487-020;Brazil
10488;BLONP;1;27/03/1997 00:00:00;24/04/1997 00:00:00;02/04/1997 00:00:00;2;4,9300;Frankenversand;Berliner Platz 43;München;;80805;Germany
10489;BLONP;1;28/03/1997 00:00:00;25/04/1997 00:00:00;09/04/1997 00:00:00;2;5,2900;Piccolo und mehr;Geislweg 14;Salzburg;;5020;Austria
10490;BLONP;3;31/03/1997 00:00:00;28/04/1997 00:00:00;03/04/1997 00:00:00;2;210,1900;HILARION-Abastos;Carrera 22 con Ave. Carlos Soublette #8-35;San Cristóbal;Táchira;5022;Venezuela
10491;BLONP;3;31/03/1997 00:00:00;28/04/1997 00:00:00;08/04/1997 00:00:00;3;16,9600;Furia Bacalhau e Frutos do Mar;Jardim das rosas n. 32;Lisboa;;1675;Portugal
10492;BLONP;3;01/04/1997 00:00:00;29/04/1997 00:00:00;11/04/1997 00:00:00;1;62,8900;Bottom-Dollar Markets;23 Tsawassen Blvd.;Tsawassen;BC;T2F 8M4;Canada
10493;FISSA;1;02/04/1997 00:00:00;30/04/1997 00:00:00;10/04/1997 00:00:00;3;10,6400;La maison d'Asie;1 rue Alsace-Lorraine;Toulouse;;31000;France
10494;DRACD;3;02/04/1997 00:00:00;30/04/1997 00:00:00;09/04/1997 00:00:00;2;65,9900;Comércio Mineiro;Av. dos Lusíadas, 23;Sao Paulo;SP;05432-043;Brazil
10495;BLONP;1;03/04/1997 00:00:00;01/05/1997 00:00:00;11/04/1997 00:00:00;3;4,6500;Laughing Bacchus Wine Cellars;2319 Elm St.;Vancouver;BC;V3F 2K1;Canada
10496;DRACD;3;04/04/1997 00:00:00;02/05/1997 00:00:00;07/04/1997 00:00:00;2;46,7700;Tradiçao Hipermercados;Av. Inês de Castro, 414;Sao Paulo;SP;05634-030;Brazil
10497;BLONP;3;04/04/1997 00:00:00;02/05/1997 00:00:00;07/04/1997 00:00:00;1;36,2100;Lehmanns Marktstand;Magazinweg 7;Frankfurt a.M.;;60528;Germany
10498;BLONP;3;07/04/1997 00:00:00;05/05/1997 00:00:00;11/04/1997 00:00:00;2;29,7500;HILARION-Abastos;Carrera 22 con Ave. Carlos Soublette #8-35;San Cristóbal;Táchira;5022;Venezuela
10499;BLONP;3;08/04/1997 00:00:00;06/05/1997 00:00:00;16/04/1997 00:00:00;2;102,0200;LILA-Supermercado;Carrera 52 con Ave. Bolívar #65-98 Llano Largo;Barquisimeto;Lara;3508;Venezuela
10500;FISSA;3;09/04/1997 00:00:00;07/05/1997 00:00:00;17/04/1997 00:00:00;1;42,6800;La maison d'Asie;1 rue Alsace-Lorraine;Toulouse;;31000;France
10501;BLONP;1;09/04/1997 00:00:00;07/05/1997 00:00:00;16/04/1997 00:00:00;3;8,8500;Blauer See Delikatessen;Forsterstr. 57;Mannheim;;68306;Germany
10502;BLONP;3;10/04/1997 00:00:00;08/05/1997 00:00:00;29/04/1997 00:00:00;1;69,3200;Pericles Comidas clásicas;Calle Dr. Jorge Cash 321;México D.F.;;05033;Mexico
10503;FISSA;3;11/04/1997 00:00:00;09/05/1997 00:00:00;16/04/1997 00:00:00;2;16,7400;Hungry Owl All-Night Grocers;8 Johnstown Road;Cork;Co. Cork;;Ireland
10504;BLONP;3;11/04/1997 00:00:00;09/05/1997 00:00:00;18/04/1997 00:00:00;3;59,1300;White Clover Markets;1029 - 12th Ave. S.;Seattle;WA;98124;USA
10505;DRACD;1;14/04/1997 00:00:00;12/05/1997 00:00:00;21/04/1997 00:00:00;3;7,1300;Mère Paillarde;43 rue St. Laurent;Montréal;Québec;H1J 1C3;Canada
10506;BLONP;3;15/04/1997 00:00:00;13/05/1997 00:00:00;02/05/1997 00:00:00;2;21,1900;Königlich Essen;Maubelstr. 90;Brandenburg;;14776;Germany
10507;BLONP;3;15/04/1997 00:00:00;13/05/1997 00:00:00;22/04/1997 00:00:00;1;47,4500;Antonio Moreno Taquería;Mataderos  2312;México D.F.;;05023;Mexico
10508;BLONP;1;16/04/1997 00:00:00;14/05/1997 00:00:00;13/05/1997 00:00:00;2;4,9900;Ottilies Käseladen;Mehrheimerstr. 369;Köln;;50739;Germany
10509;ANTON;1;17/04/1997 00:00:00;15/05/1997 00:00:00;29/04/1997 00:00:00;1;0,1500;Blauer See Delikatessen;Forsterstr. 57;Mannheim;;68306;Germany
10510;BLONP;3;18/04/1997 00:00:00;16/05/1997 00:00:00;28/04/1997 00:00:00;3;367,6300;Save-a-lot Markets;187 Suffolk Ln.;Boise;ID;83720;USA
10511;BLONP;3;18/04/1997 00:00:00;16/05/1997 00:00:00;21/04/1997 00:00:00;3;350,6400;Bon app';12, rue des Bouchers;Marseille;;13008;France
10512;DRACD;1;21/04/1997 00:00:00;19/05/1997 00:00:00;24/04/1997 00:00:00;2;3,5300;Familia Arquibaldo;Rua Orós, 92;Sao Paulo;SP;05442-030;Brazil
10513;BLONP;3;22/04/1997 00:00:00;03/06/1997 00:00:00;28/04/1997 00:00:00;1;105,6500;Die Wandernde Kuh;Adenauerallee 900;Stuttgart;;70563;Germany
10514;BLONP;3;22/04/1997 00:00:00;20/05/1997 00:00:00;16/05/1997 00:00:00;2;789,9500;Ernst Handel;Kirchgasse 6;Graz;;8010;Austria
10515;BLONP;3;23/04/1997 00:00:00;07/05/1997 00:00:00;23/05/1997 00:00:00;1;204,4700;QUICK-Stop;Taucherstraße 10;Cunewalde;;01307;Germany
10516;FISSA;3;24/04/1997 00:00:00;22/05/1997 00:00:00;01/05/1997 00:00:00;3;62,7800;Hungry Owl All-Night Grocers;8 Johnstown Road;Cork;Co. Cork;;Ireland
10517;BLONP;3;24/04/1997 00:00:00;22/05/1997 00:00:00;29/04/1997 00:00:00;3;32,0700;North/South;South House 300 Queensbridge;London;;SW7 1RZ;UK
10518;BLONP;3;25/04/1997 00:00:00;09/05/1997 00:00:00;05/05/1997 00:00:00;2;218,1500;Tortuga Restaurante;Avda. Azteca 123;México D.F.;;05033;Mexico
10519;BLONP;3;28/04/1997 00:00:00;26/05/1997 00:00:00;01/05/1997 00:00:00;3;91,7600;Chop-suey Chinese;Hauptstr. 31;Bern;;3012;Switzerland
10520;BLONP;3;29/04/1997 00:00:00;27/05/1997 00:00:00;01/05/1997 00:00:00;1;13,3700;Santé Gourmet;Erling Skakkes gate 78;Stavern;;4110;Norway
10521;BLONP;3;29/04/1997 00:00:00;27/05/1997 00:00:00;02/05/1997 00:00:00;2;17,2200;Cactus Comidas para llevar;Cerrito 333;Buenos Aires;;1010;Argentina
10522;BLONP;3;30/04/1997 00:00:00;28/05/1997 00:00:00;06/05/1997 00:00:00;1;45,3300;Lehmanns Marktstand;Magazinweg 7;Frankfurt a.M.;;60528;Germany
10523;BLONP;3;01/05/1997 00:00:00;29/05/1997 00:00:00;30/05/1997 00:00:00;2;77,6300;Seven Seas Imports;90 Wadhurst Rd.;London;;OX15 4NB;UK
10524;BLONP;3;01/05/1997 00:00:00;29/05/1997 00:00:00;07/05/1997 00:00:00;2;244,7900;Berglunds snabbköp;Berguvsvägen  8;Luleå;;S-958 22;Sweden
10525;BLONP;3;02/05/1997 00:00:00;30/05/1997 00:00:00;23/05/1997 00:00:00;2;11,0600;Bon app';12, rue des Bouchers;Marseille;;13008;France
10526;BLONP;3;05/05/1997 00:00:00;02/06/1997 00:00:00;15/05/1997 00:00:00;2;58,5900;Wartian Herkku;Torikatu 38;Oulu;;90110;Finland
10527;BLONP;3;05/05/1997 00:00:00;02/06/1997 00:00:00;07/05/1997 00:00:00;1;41,9000;QUICK-Stop;Taucherstraße 10;Cunewalde;;01307;Germany
10528;BLONP;1;06/05/1997 00:00:00;20/05/1997 00:00:00;09/05/1997 00:00:00;2;3,3500;Great Lakes Food Market;2732 Baker Blvd.;Eugene;OR;97403;USA
10529;BLONP;3;07/05/1997 00:00:00;04/06/1997 00:00:00;09/05/1997 00:00:00;2;66,6900;Maison Dewey;Rue Joseph-Bens 532;Bruxelles;;B-1180;Belgium
10530;BLONP;3;08/05/1997 00:00:00;05/06/1997 00:00:00;12/05/1997 00:00:00;2;339,2200;Piccolo und mehr;Geislweg 14;Salzburg;;5020;Austria
10531;BLONP;1;08/05/1997 00:00:00;05/06/1997 00:00:00;19/05/1997 00:00:00;1;8,1200;Océano Atlántico Ltda.;Ing. Gustavo Moncada 8585 Piso 20-A;Buenos Aires;;1010;Argentina
10532;BLONP;3;09/05/1997 00:00:00;06/06/1997 00:00:00;12/05/1997 00:00:00;3;74,4600;Eastern Connection;35 King George;London;;WX3 6FW;UK
10533;BLONP;3;12/05/1997 00:00:00;09/06/1997 00:00:00;22/05/1997 00:00:00;1;188,0400;Folk och fä HB;Åkergatan 24;Bräcke;;S-844 67;Sweden
10534;BLONP;3;12/05/1997 00:00:00;09/06/1997 00:00:00;14/05/1997 00:00:00;2;27,9400;Lehmanns Marktstand;Magazinweg 7;Frankfurt a.M.;;60528;Germany
10535;BLONP;3;13/05/1997 00:00:00;10/06/1997 00:00:00;21/05/1997 00:00:00;1;15,6400;Antonio Moreno Taquería;Mataderos  2312;México D.F.;;05023;Mexico
10536;BLONP;3;14/05/1997 00:00:00;11/06/1997 00:00:00;06/06/1997 00:00:00;2;58,8800;Lehmanns Marktstand;Magazinweg 7;Frankfurt a.M.;;60528;Germany
10537;BLONP;3;14/05/1997 00:00:00;28/05/1997 00:00:00;19/05/1997 00:00:00;1;78,8500;Richter Supermarkt;Starenweg 5;Genève;;1204;Switzerland
10538;BLONP;1;15/05/1997 00:00:00;12/06/1997 00:00:00;16/05/1997 00:00:00;3;4,8700;B's Beverages;Fauntleroy Circus;London;;EC2 5NT;UK
10539;BLONP;3;16/05/1997 00:00:00;13/06/1997 00:00:00;23/05/1997 00:00:00;3;12,3600;B's Beverages;Fauntleroy Circus;London;;EC2 5NT;UK
10540;BLONP;3;19/05/1997 00:00:00;16/06/1997 00:00:00;13/06/1997 00:00:00;3;1007,6400;QUICK-Stop;Taucherstraße 10;Cunewalde;;01307;Germany
10541;DRACD;3;19/05/1997 00:00:00;16/06/1997 00:00:00;29/05/1997 00:00:00;1;68,6500;Hanari Carnes;Rua do Paço, 67;Rio de Janeiro;RJ;05454-876;Brazil
10542;BLONP;1;20/05/1997 00:00:00;17/06/1997 00:00:00;26/05/1997 00:00:00;3;10,9500;Königlich Essen;Maubelstr. 90;Brandenburg;;14776;Germany
10543;BLONP;3;21/05/1997 00:00:00;18/06/1997 00:00:00;23/05/1997 00:00:00;2;48,1700;LILA-Supermercado;Carrera 52 con Ave. Bolívar #65-98 Llano Largo;Barquisimeto;Lara;3508;Venezuela
10544;BLONP;3;21/05/1997 00:00:00;18/06/1997 00:00:00;30/05/1997 00:00:00;1;24,9100;Lonesome Pine Restaurant;89 Chiaroscuro Rd.;Portland;OR;97219;USA
10545;BLONP;3;22/05/1997 00:00:00;19/06/1997 00:00:00;26/06/1997 00:00:00;2;11,9200;Lazy K Kountry Store;12 Orchestra Terrace;Walla Walla;WA;99362;USA
10546;BLONP;3;23/05/1997 00:00:00;20/06/1997 00:00:00;27/05/1997 00:00:00;3;194,7200;Victuailles en stock;2, rue du Commerce;Lyon;;69004;France
10547;BLONP;3;23/05/1997 00:00:00;20/06/1997 00:00:00;02/06/1997 00:00:00;2;178,4300;Seven Seas Imports;90 Wadhurst Rd.;London;;OX15 4NB;UK
10548;BLONP;1;26/05/1997 00:00:00;23/06/1997 00:00:00;02/06/1997 00:00:00;2;1,4300;Toms Spezialitäten;Luisenstr. 48;Münster;;44087;Germany
10549;BLONP;3;27/05/1997 00:00:00;10/06/1997 00:00:00;30/05/1997 00:00:00;1;171,2400;QUICK-Stop;Taucherstraße 10;Cunewalde;;01307;Germany
10550;BLONP;1;28/05/1997 00:00:00;25/06/1997 00:00:00;06/06/1997 00:00:00;3;4,3200;Godos Cocina Típica;C/ Romero, 33;Sevilla;;41101;Spain
10551;BLONP;3;28/05/1997 00:00:00;09/07/1997 00:00:00;06/06/1997 00:00:00;3;72,9500;Furia Bacalhau e Frutos do Mar;Jardim das rosas n. 32;Lisboa;;1675;Portugal
10552;BLONP;3;29/05/1997 00:00:00;26/06/1997 00:00:00;05/06/1997 00:00:00;1;83,2200;HILARION-Abastos;Carrera 22 con Ave. Carlos Soublette #8-35;San Cristóbal;Táchira;5022;Venezuela
10553;BLONP;3;30/05/1997 00:00:00;27/06/1997 00:00:00;03/06/1997 00:00:00;2;149,4900;Wartian Herkku;Torikatu 38;Oulu;;90110;Finland
10554;BLONP;3;30/05/1997 00:00:00;27/06/1997 00:00:00;05/06/1997 00:00:00;3;120,9700;Ottilies Käseladen;Mehrheimerstr. 369;Köln;;50739;Germany
10555;BLONP;3;02/06/1997 00:00:00;30/06/1997 00:00:00;04/06/1997 00:00:00;3;252,4900;Save-a-lot Markets;187 Suffolk Ln.;Boise;ID;83720;USA
10556;BLONP;1;03/06/1997 00:00:00;15/07/1997 00:00:00;13/06/1997 00:00:00;1;9,8000;Simons bistro;Vinbæltet 34;Kobenhavn;;1734;Denmark
10557;BLONP;3;03/06/1997 00:00:00;17/06/1997 00:00:00;06/06/1997 00:00:00;2;96,7200;Lehmanns Marktstand;Magazinweg 7;Frankfurt a.M.;;60528;Germany
10558;BLONP;3;04/06/1997 00:00:00;02/07/1997 00:00:00;10/06/1997 00:00:00;2;72,9700;Around the Horn;Brook Farm Stratford St. Mary;Colchester;Essex;CO7 6JX;UK
10559;BLONP;1;05/06/1997 00:00:00;03/07/1997 00:00:00;13/06/1997 00:00:00;1;8,0500;Blondel père et fils;24, place Kléber;Strasbourg;;67000;France
10560;BLONP;3;06/06/1997 00:00:00;04/07/1997 00:00:00;09/06/1997 00:00:00;1;36,6500;Frankenversand;Berliner Platz 43;München;;80805;Germany
10561;BLONP;3;06/06/1997 00:00:00;04/07/1997 00:00:00;09/06/1997 00:00:00;2;242,2100;Folk och fä HB;Åkergatan 24;Bräcke;;S-844 67;Sweden
10562;BLONP;3;09/06/1997 00:00:00;07/07/1997 00:00:00;12/06/1997 00:00:00;1;22,9500;Reggiani Caseifici;Strada Provinciale 124;Reggio Emilia;;42100;Italy
10563;DRACD;3;10/06/1997 00:00:00;22/07/1997 00:00:00;24/06/1997 00:00:00;2;60,4300;Ricardo Adocicados;Av. Copacabana, 267;Rio de Janeiro;RJ;02389-890;Brazil
10564;PICCO;3;10/06/1997 00:00:00;08/07/1997 00:00:00;16/06/1997 00:00:00;3;13,7500;Rattlesnake Canyon Grocery;2817 Milton Dr.;Albuquerque;NM;87110;USA
10565;DRACD;1;11/06/1997 00:00:00;09/07/1997 00:00:00;18/06/1997 00:00:00;2;7,1500;Mère Paillarde;43 rue St. Laurent;Montréal;Québec;H1J 1C3;Canada
10566;BLONP;3;12/06/1997 00:00:00;10/07/1997 00:00:00;18/06/1997 00:00:00;1;88,4000;Blondel père et fils;24, place Kléber;Strasbourg;;67000;France
10567;FISSA;3;12/06/1997 00:00:00;10/07/1997 00:00:00;17/06/1997 00:00:00;1;33,9700;Hungry Owl All-Night Grocers;8 Johnstown Road;Cork;Co. Cork;;Ireland
10568;BLONP;1;13/06/1997 00:00:00;11/07/1997 00:00:00;09/07/1997 00:00:00;3;6,5400;Galería del gastronómo;Rambla de Cataluña, 23;Barcelona;;8022;Spain
10569;PICCO;3;16/06/1997 00:00:00;14/07/1997 00:00:00;11/07/1997 00:00:00;1;58,9800;Rattlesnake Canyon Grocery;2817 Milton Dr.;Albuquerque;NM;87110;USA
10570;DRACD;3;17/06/1997 00:00:00;15/07/1997 00:00:00;19/06/1997 00:00:00;3;188,9900;Mère Paillarde;43 rue St. Laurent;Montréal;Québec;H1J 1C3;Canada
10571;BLONP;3;17/06/1997 00:00:00;29/07/1997 00:00:00;04/07/1997 00:00:00;3;26,0600;Ernst Handel;Kirchgasse 6;Graz;;8010;Austria
10572;BLONP;3;18/06/1997 00:00:00;16/07/1997 00:00:00;25/06/1997 00:00:00;2;116,4300;Berglunds snabbköp;Berguvsvägen  8;Luleå;;S-958 22;Sweden
10573;BLONP;3;19/06/1997 00:00:00;17/07/1997 00:00:00;20/06/1997 00:00:00;3;84,8400;Antonio Moreno Taquería;Mataderos  2312;México D.F.;;05023;Mexico
10574;BLONP;3;19/06/1997 00:00:00;17/07/1997 00:00:00;30/06/1997 00:00:00;2;37,6000;Trail's Head Gourmet Provisioners;722 DaVinci Blvd.;Kirkland;WA;98034;USA
10575;BLONP;3;20/06/1997 00:00:00;04/07/1997 00:00:00;30/06/1997 00:00:00;1;127,3400;Morgenstern Gesundkost;Heerstr. 22;Leipzig;;04179;Germany
10576;BLONP;3;23/06/1997 00:00:00;07/07/1997 00:00:00;30/06/1997 00:00:00;3;18,5600;Tortuga Restaurante;Avda. Azteca 123;México D.F.;;05033;Mexico
10577;BLONP;3;23/06/1997 00:00:00;04/08/1997 00:00:00;30/06/1997 00:00:00;2;25,4100;Trail's Head Gourmet Provisioners;722 DaVinci Blvd.;Kirkland;WA;98034;USA
10578;BLONP;3;24/06/1997 00:00:00;22/07/1997 00:00:00;25/07/1997 00:00:00;3;29,6000;B's Beverages;Fauntleroy Circus;London;;EC2 5NT;UK
10579;BLONP;3;25/06/1997 00:00:00;23/07/1997 00:00:00;04/07/1997 00:00:00;2;13,7300;Let's Stop N Shop;87 Polk St. Suite 5;San Francisco;CA;94117;USA
10580;BLONP;3;26/06/1997 00:00:00;24/07/1997 00:00:00;01/07/1997 00:00:00;3;75,8900;Ottilies Käseladen;Mehrheimerstr. 369;Köln;;50739;Germany
10581;DRACD;1;26/06/1997 00:00:00;24/07/1997 00:00:00;02/07/1997 00:00:00;1;3,0100;Familia Arquibaldo;Rua Orós, 92;Sao Paulo;SP;05442-030;Brazil
10582;BLONP;3;27/06/1997 00:00:00;25/07/1997 00:00:00;14/07/1997 00:00:00;2;27,7100;Blauer See Delikatessen;Forsterstr. 57;Mannheim;;68306;Germany
10583;BLONP;1;30/06/1997 00:00:00;28/07/1997 00:00:00;04/07/1997 00:00:00;2;7,2800;Wartian Herkku;Torikatu 38;Oulu;;90110;Finland
10584;BLONP;3;30/06/1997 00:00:00;28/07/1997 00:00:00;04/07/1997 00:00:00;1;59,1400;Blondel père et fils;24, place Kléber;Strasbourg;;67000;France
10585;DRACD;3;01/07/1997 00:00:00;29/07/1997 00:00:00;10/07/1997 00:00:00;1;13,4100;Wellington Importadora;Rua do Mercado, 12;Resende;SP;08737-363;Brazil
10586;ANTON;1;02/07/1997 00:00:00;30/07/1997 00:00:00;09/07/1997 00:00:00;1;0,4800;Reggiani Caseifici;Strada Provinciale 124;Reggio Emilia;;42100;Italy
10587;DRACD;3;02/07/1997 00:00:00;30/07/1997 00:00:00;09/07/1997 00:00:00;1;62,5200;Que Delícia;Rua da Panificadora, 12;Rio de Janeiro;RJ;02389-673;Brazil
10588;BLONP;3;03/07/1997 00:00:00;31/07/1997 00:00:00;10/07/1997 00:00:00;3;194,6700;QUICK-Stop;Taucherstraße 10;Cunewalde;;01307;Germany
10589;BLONP;1;04/07/1997 00:00:00;01/08/1997 00:00:00;14/07/1997 00:00:00;2;4,4200;Great Lakes Food Market;2732 Baker Blvd.;Eugene;OR;97403;USA
10590;DRACD;3;07/07/1997 00:00:00;04/08/1997 00:00:00;14/07/1997 00:00:00;3;44,7700;Mère Paillarde;43 rue St. Laurent;Montréal;Québec;H1J 1C3;Canada
10591;BLONP;3;07/07/1997 00:00:00;21/07/1997 00:00:00;16/07/1997 00:00:00;1;55,9200;Vaffeljernet;Smagsloget 45;Århus;;8200;Denmark
10592;BLONP;3;08/07/1997 00:00:00;05/08/1997 00:00:00;16/07/1997 00:00:00;1;32,1000;Lehmanns Marktstand;Magazinweg 7;Frankfurt a.M.;;60528;Germany
10593;BLONP;3;09/07/1997 00:00:00;06/08/1997 00:00:00;13/08/1997 00:00:00;2;174,2000;Lehmanns Marktstand;Magazinweg 7;Frankfurt a.M.;;60528;Germany
10594;PICCO;1;09/07/1997 00:00:00;06/08/1997 00:00:00;16/07/1997 00:00:00;2;5,2400;Old World Delicatessen;2743 Bering St.;Anchorage;AK;99508;USA
10595;BLONP;3;10/07/1997 00:00:00;07/08/1997 00:00:00;14/07/1997 00:00:00;1;96,7800;Ernst Handel;Kirchgasse 6;Graz;;8010;Austria
10596;BLONP;3;11/07/1997 00:00:00;08/08/1997 00:00:00;12/08/1997 00:00:00;1;16,3400;White Clover Markets;1029 - 12th Ave. S.;Seattle;WA;98124;USA
10597;BLONP;3;11/07/1997 00:00:00;08/08/1997 00:00:00;18/07/1997 00:00:00;3;35,1200;Piccolo und mehr;Geislweg 14;Salzburg;;5020;Austria
10598;PICCO;3;14/07/1997 00:00:00;11/08/1997 00:00:00;18/07/1997 00:00:00;3;44,4200;Rattlesnake Canyon Grocery;2817 Milton Dr.;Albuquerque;NM;87110;USA
10599;BLONP;3;15/07/1997 00:00:00;26/08/1997 00:00:00;21/07/1997 00:00:00;3;29,9800;B's Beverages;Fauntleroy Circus;London;;EC2 5NT;UK
10600;BLONP;3;16/07/1997 00:00:00;13/08/1997 00:00:00;21/07/1997 00:00:00;1;45,1300;Hungry Coyote Import Store;City Center Plaza 516 Main St.;Elgin;OR;97827;USA
10601;BLONP;3;16/07/1997 00:00:00;27/08/1997 00:00:00;22/07/1997 00:00:00;1;58,3000;HILARION-Abastos;Carrera 22 con Ave. Carlos Soublette #8-35;San Cristóbal;Táchira;5022;Venezuela
10602;BLONP;1;17/07/1997 00:00:00;14/08/1997 00:00:00;22/07/1997 00:00:00;2;2,9200;Vaffeljernet;Smagsloget 45;Århus;;8200;Denmark
10603;BLONP;3;18/07/1997 00:00:00;15/08/1997 00:00:00;08/08/1997 00:00:00;2;48,7700;Save-a-lot Markets;187 Suffolk Ln.;Boise;ID;83720;USA
10604;BLONP;1;18/07/1997 00:00:00;15/08/1997 00:00:00;29/07/1997 00:00:00;1;7,4600;Furia Bacalhau e Frutos do Mar;Jardim das rosas n. 32;Lisboa;;1675;Portugal
10605;DRACD;3;21/07/1997 00:00:00;18/08/1997 00:00:00;29/07/1997 00:00:00;2;379,1300;Mère Paillarde;43 rue St. Laurent;Montréal;Québec;H1J 1C3;Canada
10606;DRACD;3;22/07/1997 00:00:00;19/08/1997 00:00:00;31/07/1997 00:00:00;3;79,4000;Tradiçao Hipermercados;Av. Inês de Castro, 414;Sao Paulo;SP;05634-030;Brazil
10607;BLONP;3;22/07/1997 00:00:00;19/08/1997 00:00:00;25/07/1997 00:00:00;1;200,2400;Save-a-lot Markets;187 Suffolk Ln.;Boise;ID;83720;USA
10608;BLONP;3;23/07/1997 00:00:00;20/08/1997 00:00:00;01/08/1997 00:00:00;2;27,7900;Toms Spezialitäten;Luisenstr. 48;Münster;;44087;Germany
10609;BLONP;1;24/07/1997 00:00:00;21/08/1997 00:00:00;30/07/1997 00:00:00;2;1,8500;Du monde entier;67, rue des Cinquante Otages;Nantes;;44000;France
10610;FISSA;3;25/07/1997 00:00:00;22/08/1997 00:00:00;06/08/1997 00:00:00;1;26,7800;La maison d'Asie;1 rue Alsace-Lorraine;Toulouse;;31000;France
10611;FISSA;3;25/07/1997 00:00:00;22/08/1997 00:00:00;01/08/1997 00:00:00;2;80,6500;Wolski Zajazd;ul. Filtrowa 68;Warszawa;;01-012;Poland
10612;BLONP;3;28/07/1997 00:00:00;25/08/1997 00:00:00;01/08/1997 00:00:00;2;544,0800;Save-a-lot Markets;187 Suffolk Ln.;Boise;ID;83720;USA
10613;BLONP;1;29/07/1997 00:00:00;26/08/1997 00:00:00;01/08/1997 00:00:00;2;8,1100;HILARION-Abastos;Carrera 22 con Ave. Carlos Soublette #8-35;San Cristóbal;Táchira;5022;Venezuela
10614;BLONP;1;29/07/1997 00:00:00;26/08/1997 00:00:00;01/08/1997 00:00:00;3;1,9300;Blauer See Delikatessen;Forsterstr. 57;Mannheim;;68306;Germany
10615;BLONP;1;30/07/1997 00:00:00;27/08/1997 00:00:00;06/08/1997 00:00:00;3;0,7500;Wilman Kala;Keskuskatu 45;Helsinki;;21240;Finland
10616;BLONP;3;31/07/1997 00:00:00;28/08/1997 00:00:00;05/08/1997 00:00:00;2;116,5300;Great Lakes Food Market;2732 Baker Blvd.;Eugene;OR;97403;USA
10617;BLONP;3;31/07/1997 00:00:00;28/08/1997 00:00:00;04/08/1997 00:00:00;2;18,5300;Great Lakes Food Market;2732 Baker Blvd.;Eugene;OR;97403;USA
10618;DRACD;3;01/08/1997 00:00:00;12/09/1997 00:00:00;08/08/1997 00:00:00;1;154,6800;Mère Paillarde;43 rue St. Laurent;Montréal;Québec;H1J 1C3;Canada
10619;DRACD;3;04/08/1997 00:00:00;01/09/1997 00:00:00;07/08/1997 00:00:00;3;91,0500;Mère Paillarde;43 rue St. Laurent;Montréal;Québec;H1J 1C3;Canada
10620;BLONP;1;05/08/1997 00:00:00;02/09/1997 00:00:00;14/08/1997 00:00:00;3;0,9400;Laughing Bacchus Wine Cellars;2319 Elm St.;Vancouver;BC;V3F 2K1;Canada
10621;BLONP;3;05/08/1997 00:00:00;02/09/1997 00:00:00;11/08/1997 00:00:00;2;23,7300;Island Trading;Garden House Crowther Way;Cowes;Isle of Wight;PO31 7PJ;UK
10622;DRACD;3;06/08/1997 00:00:00;03/09/1997 00:00:00;11/08/1997 00:00:00;3;50,9700;Ricardo Adocicados;Av. Copacabana, 267;Rio de Janeiro;RJ;02389-890;Brazil
10623;BLONP;3;07/08/1997 00:00:00;04/09/1997 00:00:00;12/08/1997 00:00:00;2;97,1800;Frankenversand;Berliner Platz 43;München;;80805;Germany
10624;BLONP;3;07/08/1997 00:00:00;04/09/1997 00:00:00;19/08/1997 00:00:00;2;94,8000;The Cracker Box;55 Grizzly Peak Rd.;Butte;MT;59801;USA
10625;BLONP;3;08/08/1997 00:00:00;05/09/1997 00:00:00;14/08/1997 00:00:00;1;43,9000;Ana Trujillo Emparedados y helados;Avda. de la Constitución 2222;México D.F.;;05021;Mexico
10626;BLONP;3;11/08/1997 00:00:00;08/09/1997 00:00:00;20/08/1997 00:00:00;2;138,6900;Berglunds snabbköp;Berguvsvägen  8;Luleå;;S-958 22;Sweden
10627;BLONP;3;11/08/1997 00:00:00;22/09/1997 00:00:00;21/08/1997 00:00:00;3;107,4600;Save-a-lot Markets;187 Suffolk Ln.;Boise;ID;83720;USA
10628;BLONP;3;12/08/1997 00:00:00;09/09/1997 00:00:00;20/08/1997 00:00:00;3;30,3600;Blondel père et fils;24, place Kléber;Strasbourg;;67000;France
10629;BLONP;3;12/08/1997 00:00:00;09/09/1997 00:00:00;20/08/1997 00:00:00;3;85,4600;Godos Cocina Típica;C/ Romero, 33;Sevilla;;41101;Spain
10630;BLONP;3;13/08/1997 00:00:00;10/09/1997 00:00:00;19/08/1997 00:00:00;2;32,3500;Königlich Essen;Maubelstr. 90;Brandenburg;;14776;Germany
10631;FISSA;1;14/08/1997 00:00:00;11/09/1997 00:00:00;15/08/1997 00:00:00;1;0,8700;La maison d'Asie;1 rue Alsace-Lorraine;Toulouse;;31000;France
10632;BLONP;3;14/08/1997 00:00:00;11/09/1997 00:00:00;19/08/1997 00:00:00;1;41,3800;Die Wandernde Kuh;Adenauerallee 900;Stuttgart;;70563;Germany
10633;BLONP;3;15/08/1997 00:00:00;12/09/1997 00:00:00;18/08/1997 00:00:00;3;477,9000;Ernst Handel;Kirchgasse 6;Graz;;8010;Austria
10634;BLONP;3;15/08/1997 00:00:00;12/09/1997 00:00:00;21/08/1997 00:00:00;3;487,3800;Folies gourmandes;184, chaussée de Tournai;Lille;;59000;France
10635;BLONP;3;18/08/1997 00:00:00;15/09/1997 00:00:00;21/08/1997 00:00:00;3;47,4600;Magazzini Alimentari Riuniti;Via Ludovico il Moro 22;Bergamo;;24100;Italy
10636;BLONP;1;19/08/1997 00:00:00;16/09/1997 00:00:00;26/08/1997 00:00:00;1;1,1500;Wartian Herkku;Torikatu 38;Oulu;;90110;Finland
10637;DRACD;3;19/08/1997 00:00:00;16/09/1997 00:00:00;26/08/1997 00:00:00;1;201,2900;Queen Cozinha;Alameda dos Canàrios, 891;Sao Paulo;SP;05487-020;Brazil
10638;BLONP;3;20/08/1997 00:00:00;17/09/1997 00:00:00;01/09/1997 00:00:00;1;158,4400;LINO-Delicateses;Ave. 5 de Mayo Porlamar;I. de Margarita;Nueva Esparta;4980;Venezuela
10639;BLONP;3;20/08/1997 00:00:00;17/09/1997 00:00:00;27/08/1997 00:00:00;3;38,6400;Santé Gourmet;Erling Skakkes gate 78;Stavern;;4110;Norway
10640;BLONP;3;21/08/1997 00:00:00;18/09/1997 00:00:00;28/08/1997 00:00:00;1;23,5500;Die Wandernde Kuh;Adenauerallee 900;Stuttgart;;70563;Germany
10641;BLONP;3;22/08/1997 00:00:00;19/09/1997 00:00:00;26/08/1997 00:00:00;2;179,6100;HILARION-Abastos;Carrera 22 con Ave. Carlos Soublette #8-35;San Cristóbal;Táchira;5022;Venezuela
10642;BLONP;3;22/08/1997 00:00:00;19/09/1997 00:00:00;05/09/1997 00:00:00;3;41,8900;Simons bistro;Vinbæltet 34;Kobenhavn;;1734;Denmark
10643;BLONP;3;25/08/1997 00:00:00;22/09/1997 00:00:00;02/09/1997 00:00:00;1;29,4600;Alfreds Futterkiste;Obere Str. 57;Berlin;;12209;Germany
10644;ANTON;1;25/08/1997 00:00:00;22/09/1997 00:00:00;01/09/1997 00:00:00;2;0,1400;Wellington Importadora;Rua do Mercado, 12;Resende;SP;08737-363;Brazil
10645;DRACD;3;26/08/1997 00:00:00;23/09/1997 00:00:00;02/09/1997 00:00:00;1;12,4100;Hanari Carnes;Rua do Paço, 67;Rio de Janeiro;RJ;05454-876;Brazil
10646;FISSA;3;27/08/1997 00:00:00;08/10/1997 00:00:00;03/09/1997 00:00:00;3;142,3300;Hungry Owl All-Night Grocers;8 Johnstown Road;Cork;Co. Cork;;Ireland
10647;DRACD;3;27/08/1997 00:00:00;10/09/1997 00:00:00;03/09/1997 00:00:00;2;45,5400;Que Delícia;Rua da Panificadora, 12;Rio de Janeiro;RJ;02389-673;Brazil
10648;DRACD;3;28/08/1997 00:00:00;09/10/1997 00:00:00;09/09/1997 00:00:00;2;14,2500;Ricardo Adocicados;Av. Copacabana, 267;Rio de Janeiro;RJ;02389-890;Brazil
10649;BLONP;1;28/08/1997 00:00:00;25/09/1997 00:00:00;29/08/1997 00:00:00;3;6,2000;Maison Dewey;Rue Joseph-Bens 532;Bruxelles;;B-1180;Belgium
10650;BLONP;3;29/08/1997 00:00:00;26/09/1997 00:00:00;03/09/1997 00:00:00;3;176,8100;Familia Arquibaldo;Rua Orós, 92;Sao Paulo;SP;05442-030;Brazil
10651;BLONP;3;01/09/1997 00:00:00;29/09/1997 00:00:00;11/09/1997 00:00:00;2;20,6000;Die Wandernde Kuh;Adenauerallee 900;Stuttgart;;70563;Germany
10652;BLONP;1;01/09/1997 00:00:00;29/09/1997 00:00:00;08/09/1997 00:00:00;2;7,1400;Gourmet Lanchonetes;Av. Brasil, 442;Campinas;SP;04876-786;Brazil
10653;BLONP;3;02/09/1997 00:00:00;30/09/1997 00:00:00;19/09/1997 00:00:00;1;93,2500;Frankenversand;Berliner Platz 43;München;;80805;Germany
10654;BLONP;3;02/09/1997 00:00:00;30/09/1997 00:00:00;11/09/1997 00:00:00;1;55,2600;Berglunds snabbköp;Berguvsvägen  8;Luleå;;S-958 22;Sweden
10655;BLONP;1;03/09/1997 00:00:00;01/10/1997 00:00:00;11/09/1997 00:00:00;2;4,4100;Reggiani Caseifici;Strada Provinciale 124;Reggio Emilia;;42100;Italy
10656;BLONP;3;04/09/1997 00:00:00;02/10/1997 00:00:00;10/09/1997 00:00:00;1;57,1500;Great Lakes Food Market;2732 Baker Blvd.;Eugene;OR;97403;USA
10657;BLONP;3;04/09/1997 00:00:00;02/10/1997 00:00:00;15/09/1997 00:00:00;2;352,6900;Save-a-lot Markets;187 Suffolk Ln.;Boise;ID;83720;USA
10658;BLONP;3;05/09/1997 00:00:00;03/10/1997 00:00:00;08/09/1997 00:00:00;1;364,1500;QUICK-Stop;Taucherstraße 10;Cunewalde;;01307;Germany
10659;BLONP;3;05/09/1997 00:00:00;03/10/1997 00:00:00;10/09/1997 00:00:00;2;105,8100;Queen Cozinha;Alameda dos Canàrios, 891;Sao Paulo;SP;05487-020;Brazil
10660;BLONP;3;08/09/1997 00:00:00;06/10/1997 00:00:00;15/10/1997 00:00:00;1;111,2900;Hungry Coyote Import Store;City Center Plaza 516 Main St.;Elgin;OR;97827;USA
10661;FISSA;3;09/09/1997 00:00:00;07/10/1997 00:00:00;15/09/1997 00:00:00;3;17,5500;Hungry Owl All-Night Grocers;8 Johnstown Road;Cork;Co. Cork;;Ireland
10662;BLONP;1;09/09/1997 00:00:00;07/10/1997 00:00:00;18/09/1997 00:00:00;2;1,2800;Lonesome Pine Restaurant;89 Chiaroscuro Rd.;Portland;OR;97219;USA
10663;BLONP;3;10/09/1997 00:00:00;24/09/1997 00:00:00;03/10/1997 00:00:00;2;113,1500;Bon app';12, rue des Bouchers;Marseille;;13008;France
10664;BLONP;1;10/09/1997 00:00:00;08/10/1997 00:00:00;19/09/1997 00:00:00;3;1,2700;Furia Bacalhau e Frutos do Mar;Jardim das rosas n. 32;Lisboa;;1675;Portugal
10665;BLONP;3;11/09/1997 00:00:00;09/10/1997 00:00:00;17/09/1997 00:00:00;2;26,3100;Lonesome Pine Restaurant;89 Chiaroscuro Rd.;Portland;OR;97219;USA
10666;BLONP;3;12/09/1997 00:00:00;10/10/1997 00:00:00;22/09/1997 00:00:00;2;232,4200;Richter Supermarkt;Starenweg 5;Genève;;1204;Switzerland
10667;BLONP;3;12/09/1997 00:00:00;10/10/1997 00:00:00;19/09/1997 00:00:00;1;78,0900;Ernst Handel;Kirchgasse 6;Graz;;8010;Austria
10668;BLONP;3;15/09/1997 00:00:00;13/10/1997 00:00:00;23/09/1997 00:00:00;2;47,2200;Die Wandernde Kuh;Adenauerallee 900;Stuttgart;;70563;Germany
10669;BLONP;3;15/09/1997 00:00:00;13/10/1997 00:00:00;22/09/1997 00:00:00;1;24,3900;Simons bistro;Vinbæltet 34;Kobenhavn;;1734;Denmark
10670;BLONP;3;16/09/1997 00:00:00;14/10/1997 00:00:00;18/09/1997 00:00:00;1;203,4800;Frankenversand;Berliner Platz 43;München;;80805;Germany
10671;BLONP;3;17/09/1997 00:00:00;15/10/1997 00:00:00;24/09/1997 00:00:00;1;30,3400;France restauration;54, rue Royale;Nantes;;44000;France
10672;BLONP;3;17/09/1997 00:00:00;01/10/1997 00:00:00;26/09/1997 00:00:00;2;95,7500;Berglunds snabbköp;Berguvsvägen  8;Luleå;;S-958 22;Sweden
10673;BLONP;3;18/09/1997 00:00:00;16/10/1997 00:00:00;19/09/1997 00:00:00;1;22,7600;Wilman Kala;Keskuskatu 45;Helsinki;;21240;Finland
10674;BLONP;1;18/09/1997 00:00:00;16/10/1997 00:00:00;30/09/1997 00:00:00;2;0,9000;Island Trading;Garden House Crowther Way;Cowes;Isle of Wight;PO31 7PJ;UK
10675;BLONP;3;19/09/1997 00:00:00;17/10/1997 00:00:00;23/09/1997 00:00:00;2;31,8500;Frankenversand;Berliner Platz 43;München;;80805;Germany
10676;BLONP;1;22/09/1997 00:00:00;20/10/1997 00:00:00;29/09/1997 00:00:00;2;2,0100;Tortuga Restaurante;Avda. Azteca 123;México D.F.;;05033;Mexico
10677;BLONP;1;22/09/1997 00:00:00;20/10/1997 00:00:00;26/09/1997 00:00:00;3;4,0300;Antonio Moreno Taquería;Mataderos  2312;México D.F.;;05023;Mexico
10678;BLONP;3;23/09/1997 00:00:00;21/10/1997 00:00:00;16/10/1997 00:00:00;3;388,9800;Save-a-lot Markets;187 Suffolk Ln.;Boise;ID;83720;USA
10679;BLONP;3;23/09/1997 00:00:00;21/10/1997 00:00:00;30/09/1997 00:00:00;3;27,9400;Blondel père et fils;24, place Kléber;Strasbourg;;67000;France
10680;PICCO;3;24/09/1997 00:00:00;22/10/1997 00:00:00;26/09/1997 00:00:00;1;26,6100;Old World Delicatessen;2743 Bering St.;Anchorage;AK;99508;USA
10681;BLONP;3;25/09/1997 00:00:00;23/10/1997 00:00:00;30/09/1997 00:00:00;3;76,1300;Great Lakes Food Market;2732 Baker Blvd.;Eugene;OR;97403;USA
10682;BLONP;3;25/09/1997 00:00:00;23/10/1997 00:00:00;01/10/1997 00:00:00;2;36,1300;Antonio Moreno Taquería;Mataderos  2312;México D.F.;;05023;Mexico
10683;BLONP;1;26/09/1997 00:00:00;24/10/1997 00:00:00;01/10/1997 00:00:00;1;4,4000;Du monde entier;67, rue des Cinquante Otages;Nantes;;44000;France
10684;BLONP;3;26/09/1997 00:00:00;24/10/1997 00:00:00;30/09/1997 00:00:00;1;145,6300;Ottilies Käseladen;Mehrheimerstr. 369;Köln;;50739;Germany
10685;BLONP;3;29/09/1997 00:00:00;13/10/1997 00:00:00;03/10/1997 00:00:00;2;33,7500;Gourmet Lanchonetes;Av. Brasil, 442;Campinas;SP;04876-786;Brazil
10686;BLONP;3;30/09/1997 00:00:00;28/10/1997 00:00:00;08/10/1997 00:00:00;1;96,5000;Piccolo und mehr;Geislweg 14;Salzburg;;5020;Austria
10687;FISSA;3;30/09/1997 00:00:00;28/10/1997 00:00:00;30/10/1997 00:00:00;2;296,4300;Hungry Owl All-Night Grocers;8 Johnstown Road;Cork;Co. Cork;;Ireland
10688;BLONP;3;01/10/1997 00:00:00;15/10/1997 00:00:00;07/10/1997 00:00:00;2;299,0900;Vaffeljernet;Smagsloget 45;Århus;;8200;Denmark
10689;BLONP;3;01/10/1997 00:00:00;29/10/1997 00:00:00;07/10/1997 00:00:00;2;13,4200;Berglunds snabbköp;Berguvsvägen  8;Luleå;;S-958 22;Sweden
10690;DRACD;3;02/10/1997 00:00:00;30/10/1997 00:00:00;03/10/1997 00:00:00;1;15,8000;Hanari Carnes;Rua do Paço, 67;Rio de Janeiro;RJ;05454-876;Brazil
10691;BLONP;3;03/10/1997 00:00:00;14/11/1997 00:00:00;22/10/1997 00:00:00;2;810,0500;QUICK-Stop;Taucherstraße 10;Cunewalde;;01307;Germany
10692;BLONP;3;03/10/1997 00:00:00;31/10/1997 00:00:00;13/10/1997 00:00:00;2;61,0200;Alfred's Futterkiste;Obere Str. 57;Berlin;;12209;Germany
10693;BLONP;3;06/10/1997 00:00:00;20/10/1997 00:00:00;10/10/1997 00:00:00;3;139,3400;White Clover Markets;1029 - 12th Ave. S.;Seattle;WA;98124;USA
10694;BLONP;3;06/10/1997 00:00:00;03/11/1997 00:00:00;09/10/1997 00:00:00;3;398,3600;QUICK-Stop;Taucherstraße 10;Cunewalde;;01307;Germany
10695;BLONP;3;07/10/1997 00:00:00;18/11/1997 00:00:00;14/10/1997 00:00:00;1;16,7200;Wilman Kala;Keskuskatu 45;Helsinki;;21240;Finland
10696;BLONP;3;08/10/1997 00:00:00;19/11/1997 00:00:00;14/10/1997 00:00:00;3;102,5500;White Clover Markets;1029 - 12th Ave. S.;Seattle;WA;98124;USA
10697;BLONP;3;08/10/1997 00:00:00;05/11/1997 00:00:00;14/10/1997 00:00:00;1;45,5200;LINO-Delicateses;Ave. 5 de Mayo Porlamar;I. de Margarita;Nueva Esparta;4980;Venezuela
10698;BLONP;3;09/10/1997 00:00:00;06/11/1997 00:00:00;17/10/1997 00:00:00;1;272,4700;Ernst Handel;Kirchgasse 6;Graz;;8010;Austria
10699;BLONP;1;09/10/1997 00:00:00;06/11/1997 00:00:00;13/10/1997 00:00:00;3;0,5800;Morgenstern Gesundkost;Heerstr. 22;Leipzig;;04179;Germany
10700;BLONP;3;10/10/1997 00:00:00;07/11/1997 00:00:00;16/10/1997 00:00:00;1;65,1000;Save-a-lot Markets;187 Suffolk Ln.;Boise;ID;83720;USA
10701;FISSA;3;13/10/1997 00:00:00;27/10/1997 00:00:00;15/10/1997 00:00:00;3;220,3100;Hungry Owl All-Night Grocers;8 Johnstown Road;Cork;Co. Cork;;Ireland
10702;BLONP;3;13/10/1997 00:00:00;24/11/1997 00:00:00;21/10/1997 00:00:00;1;23,9400;Alfred's Futterkiste;Obere Str. 57;Berlin;;12209;Germany
10703;BLONP;3;14/10/1997 00:00:00;11/11/1997 00:00:00;20/10/1997 00:00:00;2;152,3000;Folk och fä HB;Åkergatan 24;Bräcke;;S-844 67;Sweden
10704;BLONP;1;14/10/1997 00:00:00;11/11/1997 00:00:00;07/11/1997 00:00:00;1;4,7800;Queen Cozinha;Alameda dos Canàrios, 891;Sao Paulo;SP;05487-020;Brazil
10705;BLONP;1;15/10/1997 00:00:00;12/11/1997 00:00:00;18/11/1997 00:00:00;2;3,5200;HILARION-Abastos;Carrera 22 con Ave. Carlos Soublette #8-35;San Cristóbal;Táchira;5022;Venezuela
10706;PICCO;3;16/10/1997 00:00:00;13/11/1997 00:00:00;21/10/1997 00:00:00;3;135,6300;Old World Delicatessen;2743 Bering St.;Anchorage;AK;99508;USA
10707;BLONP;3;16/10/1997 00:00:00;30/10/1997 00:00:00;23/10/1997 00:00:00;3;21,7400;Around the Horn;Brook Farm Stratford St. Mary;Colchester;Essex;CO7 6JX;UK
10708;BLONP;1;17/10/1997 00:00:00;28/11/1997 00:00:00;05/11/1997 00:00:00;2;2,9600;The Big Cheese;89 Jefferson Way Suite 2;Portland;OR;97201;USA
10709;BLONP;3;17/10/1997 00:00:00;14/11/1997 00:00:00;20/11/1997 00:00:00;3;210,8000;Gourmet Lanchonetes;Av. Brasil, 442;Campinas;SP;04876-786;Brazil
10710;BLONP;1;20/10/1997 00:00:00;17/11/1997 00:00:00;23/10/1997 00:00:00;1;4,9800;Franchi S.p.A.;Via Monte Bianco 34;Torino;;10100;Italy
10711;BLONP;3;21/10/1997 00:00:00;02/12/1997 00:00:00;29/10/1997 00:00:00;2;52,4100;Save-a-lot Markets;187 Suffolk Ln.;Boise;ID;83720;USA
10712;FISSA;3;21/10/1997 00:00:00;18/11/1997 00:00:00;31/10/1997 00:00:00;1;89,9300;Hungry Owl All-Night Grocers;8 Johnstown Road;Cork;Co. Cork;;Ireland
10713;BLONP;3;22/10/1997 00:00:00;19/11/1997 00:00:00;24/10/1997 00:00:00;1;167,0500;Save-a-lot Markets;187 Suffolk Ln.;Boise;ID;83720;USA
10714;BLONP;3;22/10/1997 00:00:00;19/11/1997 00:00:00;27/10/1997 00:00:00;3;24,4900;Save-a-lot Markets;187 Suffolk Ln.;Boise;ID;83720;USA
10715;BLONP;3;23/10/1997 00:00:00;06/11/1997 00:00:00;29/10/1997 00:00:00;1;63,2000;Bon app';12, rue des Bouchers;Marseille;;13008;France
10716;BLONP;3;24/10/1997 00:00:00;21/11/1997 00:00:00;27/10/1997 00:00:00;2;22,5700;Rancho grande;Av. del Libertador 900;Buenos Aires;;1010;Argentina
10717;BLONP;3;24/10/1997 00:00:00;21/11/1997 00:00:00;29/10/1997 00:00:00;2;59,2500;Frankenversand;Berliner Platz 43;München;;80805;Germany
10718;BLONP;3;27/10/1997 00:00:00;24/11/1997 00:00:00;29/10/1997 00:00:00;3;170,8800;Königlich Essen;Maubelstr. 90;Brandenburg;;14776;Germany
10719;BLONP;3;27/10/1997 00:00:00;24/11/1997 00:00:00;05/11/1997 00:00:00;2;51,4400;Let's Stop N Shop;87 Polk St. Suite 5;San Francisco;CA;94117;USA
10720;DRACD;1;28/10/1997 00:00:00;11/11/1997 00:00:00;05/11/1997 00:00:00;2;9,5300;Que Delícia;Rua da Panificadora, 12;Rio de Janeiro;RJ;02389-673;Brazil
10721;BLONP;3;29/10/1997 00:00:00;26/11/1997 00:00:00;31/10/1997 00:00:00;3;48,9200;QUICK-Stop;Taucherstraße 10;Cunewalde;;01307;Germany
10722;BLONP;3;29/10/1997 00:00:00;10/12/1997 00:00:00;04/11/1997 00:00:00;1;74,5800;Save-a-lot Markets;187 Suffolk Ln.;Boise;ID;83720;USA
10723;BLONP;3;30/10/1997 00:00:00;27/11/1997 00:00:00;25/11/1997 00:00:00;1;21,7200;White Clover Markets;1029 - 12th Ave. S.;Seattle;WA;98124;USA
10724;DRACD;3;30/10/1997 00:00:00;11/12/1997 00:00:00;05/11/1997 00:00:00;2;57,7500;Mère Paillarde;43 rue St. Laurent;Montréal;Québec;H1J 1C3;Canada
10725;BLONP;1;31/10/1997 00:00:00;28/11/1997 00:00:00;05/11/1997 00:00:00;3;10,8300;Familia Arquibaldo;Rua Orós, 92;Sao Paulo;SP;05442-030;Brazil
10726;BLONP;3;03/11/1997 00:00:00;17/11/1997 00:00:00;05/12/1997 00:00:00;1;16,5600;Eastern Connection;35 King George;London;;WX3 6FW;UK
10727;BLONP;3;03/11/1997 00:00:00;01/12/1997 00:00:00;05/12/1997 00:00:00;1;89,9000;Reggiani Caseifici;Strada Provinciale 124;Reggio Emilia;;42100;Italy
10728;BLONP;3;04/11/1997 00:00:00;02/12/1997 00:00:00;11/11/1997 00:00:00;2;58,3300;Queen Cozinha;Alameda dos Canàrios, 891;Sao Paulo;SP;05487-020;Brazil
10729;BLONP;3;04/11/1997 00:00:00;16/12/1997 00:00:00;14/11/1997 00:00:00;3;141,0600;LINO-Delicateses;Ave. 5 de Mayo Porlamar;I. de Margarita;Nueva Esparta;4980;Venezuela
10730;BLONP;3;05/11/1997 00:00:00;03/12/1997 00:00:00;14/11/1997 00:00:00;1;20,1200;Bon app';12, rue des Bouchers;Marseille;;13008;France
10731;BLONP;3;06/11/1997 00:00:00;04/12/1997 00:00:00;14/11/1997 00:00:00;1;96,6500;Chop-suey Chinese;Hauptstr. 31;Bern;;3012;Switzerland
10732;BLONP;3;06/11/1997 00:00:00;04/12/1997 00:00:00;07/11/1997 00:00:00;1;16,9700;Bon app';12, rue des Bouchers;Marseille;;13008;France
10733;BLONP;3;07/11/1997 00:00:00;05/12/1997 00:00:00;10/11/1997 00:00:00;3;110,1100;Berglunds snabbköp;Berguvsvägen  8;Luleå;;S-958 22;Sweden
10734;BLONP;1;07/11/1997 00:00:00;05/12/1997 00:00:00;12/11/1997 00:00:00;3;1,6300;Gourmet Lanchonetes;Av. Brasil, 442;Campinas;SP;04876-786;Brazil
10735;BLONP;3;10/11/1997 00:00:00;08/12/1997 00:00:00;21/11/1997 00:00:00;2;45,9700;Let's Stop N Shop;87 Polk St. Suite 5;San Francisco;CA;94117;USA
10736;FISSA;3;11/11/1997 00:00:00;09/12/1997 00:00:00;21/11/1997 00:00:00;2;44,1000;Hungry Owl All-Night Grocers;8 Johnstown Road;Cork;Co. Cork;;Ireland
10737;BLONP;1;11/11/1997 00:00:00;09/12/1997 00:00:00;18/11/1997 00:00:00;2;7,7900;Vins et alcools Chevalier;59 rue de l'Abbaye;Reims;;51100;France
10738;BLONP;1;12/11/1997 00:00:00;10/12/1997 00:00:00;18/11/1997 00:00:00;1;2,9100;Spécialités du monde;25, rue Lauriston;Paris;;75016;France
10739;BLONP;3;12/11/1997 00:00:00;10/12/1997 00:00:00;17/11/1997 00:00:00;3;11,0800;Vins et alcools Chevalier;59 rue de l'Abbaye;Reims;;51100;France
10740;BLONP;3;13/11/1997 00:00:00;11/12/1997 00:00:00;25/11/1997 00:00:00;2;81,8800;White Clover Markets;1029 - 12th Ave. S.;Seattle;WA;98124;USA
10741;BLONP;3;14/11/1997 00:00:00;28/11/1997 00:00:00;18/11/1997 00:00:00;3;10,9600;Around the Horn;Brook Farm Stratford St. Mary;Colchester;Essex;CO7 6JX;UK
10742;BLONP;3;14/11/1997 00:00:00;12/12/1997 00:00:00;18/11/1997 00:00:00;3;243,7300;Bottom-Dollar Markets;23 Tsawassen Blvd.;Tsawassen;BC;T2F 8M4;Canada
10743;BLONP;3;17/11/1997 00:00:00;15/12/1997 00:00:00;21/11/1997 00:00:00;2;23,7200;Around the Horn;Brook Farm Stratford St. Mary;Colchester;Essex;CO7 6JX;UK
10744;BLONP;3;17/11/1997 00:00:00;15/12/1997 00:00:00;24/11/1997 00:00:00;1;69,1900;Vaffeljernet;Smagsloget 45;Århus;;8200;Denmark
10745;BLONP;1;18/11/1997 00:00:00;16/12/1997 00:00:00;27/11/1997 00:00:00;1;3,5200;QUICK-Stop;Taucherstraße 10;Cunewalde;;01307;Germany
10746;BLONP;3;19/11/1997 00:00:00;17/12/1997 00:00:00;21/11/1997 00:00:00;3;31,4300;Chop-suey Chinese;Hauptstr. 31;Bern;;3012;Switzerland
10747;BLONP;3;19/11/1997 00:00:00;17/12/1997 00:00:00;26/11/1997 00:00:00;1;117,3300;Piccolo und mehr;Geislweg 14;Salzburg;;5020;Austria
10748;BLONP;3;20/11/1997 00:00:00;18/12/1997 00:00:00;28/11/1997 00:00:00;1;232,5500;Save-a-lot Markets;187 Suffolk Ln.;Boise;ID;83720;USA
10749;BLONP;3;20/11/1997 00:00:00;18/12/1997 00:00:00;19/12/1997 00:00:00;2;61,5300;Island Trading;Garden House Crowther Way;Cowes;Isle of Wight;PO31 7PJ;UK
10750;BLONP;3;21/11/1997 00:00:00;19/12/1997 00:00:00;24/11/1997 00:00:00;1;79,3000;Wartian Herkku;Torikatu 38;Oulu;;90110;Finland
10751;BLONP;3;24/11/1997 00:00:00;22/12/1997 00:00:00;03/12/1997 00:00:00;3;130,7900;Richter Supermarkt;Starenweg 5;Genève;;1204;Switzerland
10752;BLONP;1;24/11/1997 00:00:00;22/12/1997 00:00:00;28/11/1997 00:00:00;3;1,3900;North/South;South House 300 Queensbridge;London;;SW7 1RZ;UK
10753;BLONP;1;25/11/1997 00:00:00;23/12/1997 00:00:00;27/11/1997 00:00:00;1;7,7000;Franchi S.p.A.;Via Monte Bianco 34;Torino;;10100;Italy
10754;BLONP;1;25/11/1997 00:00:00;23/12/1997 00:00:00;27/11/1997 00:00:00;3;2,3800;Magazzini Alimentari Riuniti;Via Ludovico il Moro 22;Bergamo;;24100;Italy
10755;BLONP;3;26/11/1997 00:00:00;24/12/1997 00:00:00;28/11/1997 00:00:00;2;16,7100;Bon app';12, rue des Bouchers;Marseille;;13008;France
10756;BLONP;3;27/11/1997 00:00:00;25/12/1997 00:00:00;02/12/1997 00:00:00;2;73,2100;Split Rail Beer & Ale;P.O. Box 555;Lander;WY;82520;USA
10757;BLONP;1;27/11/1997 00:00:00;25/12/1997 00:00:00;15/12/1997 00:00:00;1;8,1900;Save-a-lot Markets;187 Suffolk Ln.;Boise;ID;83720;USA
10758;BLONP;3;28/11/1997 00:00:00;26/12/1997 00:00:00;04/12/1997 00:00:00;3;138,1700;Richter Supermarkt;Starenweg 5;Genève;;1204;Switzerland
10759;BLONP;3;28/11/1997 00:00:00;26/12/1997 00:00:00;12/12/1997 00:00:00;3;11,9900;Ana Trujillo Emparedados y helados;Avda. de la Constitución 2222;México D.F.;;05021;Mexico
10760;BLONP;3;01/12/1997 00:00:00;29/12/1997 00:00:00;10/12/1997 00:00:00;1;155,6400;Maison Dewey;Rue Joseph-Bens 532;Bruxelles;;B-1180;Belgium
10761;PICCO;3;02/12/1997 00:00:00;30/12/1997 00:00:00;08/12/1997 00:00:00;2;18,6600;Rattlesnake Canyon Grocery;2817 Milton Dr.;Albuquerque;NM;87110;USA
10762;BLONP;3;02/12/1997 00:00:00;30/12/1997 00:00:00;09/12/1997 00:00:00;1;328,7400;Folk och fä HB;Åkergatan 24;Bräcke;;S-844 67;Sweden
10763;BLONP;3;03/12/1997 00:00:00;31/12/1997 00:00:00;08/12/1997 00:00:00;3;37,3500;Folies gourmandes;184, chaussée de Tournai;Lille;;59000;France
10764;BLONP;3;03/12/1997 00:00:00;31/12/1997 00:00:00;08/12/1997 00:00:00;3;145,4500;Ernst Handel;Kirchgasse 6;Graz;;8010;Austria
10765;BLONP;3;04/12/1997 00:00:00;01/01/1998 00:00:00;09/12/1997 00:00:00;3;42,7400;QUICK-Stop;Taucherstraße 10;Cunewalde;;01307;Germany
10766;BLONP;3;05/12/1997 00:00:00;02/01/1998 00:00:00;09/12/1997 00:00:00;1;157,5500;Ottilies Käseladen;Mehrheimerstr. 369;Köln;;50739;Germany
10767;BLONP;1;05/12/1997 00:00:00;02/01/1998 00:00:00;15/12/1997 00:00:00;3;1,5900;Suprêmes délices;Boulevard Tirou, 255;Charleroi;;B-6000;Belgium
10768;BLONP;3;08/12/1997 00:00:00;05/01/1998 00:00:00;15/12/1997 00:00:00;2;146,3200;Around the Horn;Brook Farm Stratford St. Mary;Colchester;Essex;CO7 6JX;UK
10769;BLONP;3;08/12/1997 00:00:00;05/01/1998 00:00:00;12/12/1997 00:00:00;1;65,0600;Vaffeljernet;Smagsloget 45;Århus;;8200;Denmark
10770;DRACD;1;09/12/1997 00:00:00;06/01/1998 00:00:00;17/12/1997 00:00:00;3;5,3200;Hanari Carnes;Rua do Paço, 67;Rio de Janeiro;RJ;05454-876;Brazil
10771;BLONP;3;10/12/1997 00:00:00;07/01/1998 00:00:00;02/01/1998 00:00:00;2;11,1900;Ernst Handel;Kirchgasse 6;Graz;;8010;Austria
10772;BLONP;3;10/12/1997 00:00:00;07/01/1998 00:00:00;19/12/1997 00:00:00;2;91,2800;Lehmanns Marktstand;Magazinweg 7;Frankfurt a.M.;;60528;Germany
10773;BLONP;3;11/12/1997 00:00:00;08/01/1998 00:00:00;16/12/1997 00:00:00;3;96,4300;Ernst Handel;Kirchgasse 6;Graz;;8010;Austria
10774;BLONP;3;11/12/1997 00:00:00;25/12/1997 00:00:00;12/12/1997 00:00:00;1;48,2000;Folk och fä HB;Åkergatan 24;Bräcke;;S-844 67;Sweden
10775;BLONP;3;12/12/1997 00:00:00;09/01/1998 00:00:00;26/12/1997 00:00:00;1;20,2500;The Cracker Box;55 Grizzly Peak Rd.;Butte;MT;59801;USA
10776;BLONP;3;15/12/1997 00:00:00;12/01/1998 00:00:00;18/12/1997 00:00:00;3;351,5300;Ernst Handel;Kirchgasse 6;Graz;;8010;Austria
10777;BLONP;1;15/12/1997 00:00:00;29/12/1997 00:00:00;21/01/1998 00:00:00;2;3,0100;Gourmet Lanchonetes;Av. Brasil, 442;Campinas;SP;04876-786;Brazil
10778;BLONP;1;16/12/1997 00:00:00;13/01/1998 00:00:00;24/12/1997 00:00:00;1;6,7900;Berglunds snabbköp;Berguvsvägen  8;Luleå;;S-958 22;Sweden
10779;BLONP;3;16/12/1997 00:00:00;13/01/1998 00:00:00;14/01/1998 00:00:00;2;58,1300;Morgenstern Gesundkost;Heerstr. 22;Leipzig;;04179;Germany
10780;BLONP;3;16/12/1997 00:00:00;30/12/1997 00:00:00;25/12/1997 00:00:00;1;42,1300;LILA-Supermercado;Carrera 52 con Ave. Bolívar #65-98 Llano Largo;Barquisimeto;Lara;3508;Venezuela
10781;BLONP;3;17/12/1997 00:00:00;14/01/1998 00:00:00;19/12/1997 00:00:00;3;73,1600;Wartian Herkku;Torikatu 38;Oulu;;90110;Finland
10782;BLONP;1;17/12/1997 00:00:00;14/01/1998 00:00:00;22/12/1997 00:00:00;3;1,1000;Cactus Comidas para llevar;Cerrito 333;Buenos Aires;;1010;Argentina
10783;DRACD;3;18/12/1997 00:00:00;15/01/1998 00:00:00;19/12/1997 00:00:00;2;124,9800;Hanari Carnes;Rua do Paço, 67;Rio de Janeiro;RJ;05454-876;Brazil
10784;BLONP;3;18/12/1997 00:00:00;15/01/1998 00:00:00;22/12/1997 00:00:00;3;70,0900;Magazzini Alimentari Riuniti;Via Ludovico il Moro 22;Bergamo;;24100;Italy
10785;BLONP;1;18/12/1997 00:00:00;15/01/1998 00:00:00;24/12/1997 00:00:00;3;1,5100;GROSELLA-Restaurante;5ª Ave. Los Palos Grandes;Caracas;DF;1081;Venezuela
10786;BLONP;3;19/12/1997 00:00:00;16/01/1998 00:00:00;23/12/1997 00:00:00;1;110,8700;Queen Cozinha;Alameda dos Canàrios, 891;Sao Paulo;SP;05487-020;Brazil
10787;FISSA;3;19/12/1997 00:00:00;02/01/1998 00:00:00;26/12/1997 00:00:00;1;249,9300;La maison d'Asie;1 rue Alsace-Lorraine;Toulouse;;31000;France
10788;BLONP;3;22/12/1997 00:00:00;19/01/1998 00:00:00;19/01/1998 00:00:00;2;42,7000;QUICK-Stop;Taucherstraße 10;Cunewalde;;01307;Germany
10789;BLONP;3;22/12/1997 00:00:00;19/01/1998 00:00:00;31/12/1997 00:00:00;2;100,6000;Folies gourmandes;184, chaussée de Tournai;Lille;;59000;France
10790;BLONP;3;22/12/1997 00:00:00;19/01/1998 00:00:00;26/12/1997 00:00:00;1;28,2300;Gourmet Lanchonetes;Av. Brasil, 442;Campinas;SP;04876-786;Brazil
10791;BLONP;3;23/12/1997 00:00:00;20/01/1998 00:00:00;01/01/1998 00:00:00;2;16,8500;Frankenversand;Berliner Platz 43;München;;80805;Germany
10792;FISSA;3;23/12/1997 00:00:00;20/01/1998 00:00:00;31/12/1997 00:00:00;3;23,7900;Wolski Zajazd;ul. Filtrowa 68;Warszawa;;01-012;Poland
10793;BLONP;1;24/12/1997 00:00:00;21/01/1998 00:00:00;08/01/1998 00:00:00;3;4,5200;Around the Horn;Brook Farm Stratford St. Mary;Colchester;Essex;CO7 6JX;UK
10794;DRACD;3;24/12/1997 00:00:00;21/01/1998 00:00:00;02/01/1998 00:00:00;1;21,4900;Que Delícia;Rua da Panificadora, 12;Rio de Janeiro;RJ;02389-673;Brazil
10795;BLONP;3;24/12/1997 00:00:00;21/01/1998 00:00:00;20/01/1998 00:00:00;2;126,6600;Ernst Handel;Kirchgasse 6;Graz;;8010;Austria
10796;BLONP;3;25/12/1997 00:00:00;22/01/1998 00:00:00;14/01/1998 00:00:00;1;26,5200;HILARION-Abastos;Carrera 22 con Ave. Carlos Soublette #8-35;San Cristóbal;Táchira;5022;Venezuela
10797;BLONP;3;25/12/1997 00:00:00;22/01/1998 00:00:00;05/01/1998 00:00:00;2;33,3500;Drachenblut Delikatessen;Walserweg 21;Aachen;;52066;Germany
10798;BLONP;1;26/12/1997 00:00:00;23/01/1998 00:00:00;05/01/1998 00:00:00;1;2,3300;Island Trading;Garden House Crowther Way;Cowes;Isle of Wight;PO31 7PJ;UK
10799;BLONP;3;26/12/1997 00:00:00;06/02/1998 00:00:00;05/01/1998 00:00:00;3;30,7600;Königlich Essen;Maubelstr. 90;Brandenburg;;14776;Germany
10800;BLONP;3;26/12/1997 00:00:00;23/01/1998 00:00:00;05/01/1998 00:00:00;3;137,4400;Seven Seas Imports;90 Wadhurst Rd.;London;;OX15 4NB;UK
10801;BLONP;3;29/12/1997 00:00:00;26/01/1998 00:00:00;31/12/1997 00:00:00;2;97,0900;Bólido Comidas preparadas;C/ Araquil, 67;Madrid;;28023;Spain
10802;BLONP;3;29/12/1997 00:00:00;26/01/1998 00:00:00;02/01/1998 00:00:00;2;257,2600;Simons bistro;Vinbæltet 34;Kobenhavn;;1734;Denmark
10803;BLONP;3;30/12/1997 00:00:00;27/01/1998 00:00:00;06/01/1998 00:00:00;1;55,2300;Wellington Importadora;Rua do Mercado, 12;Resende;SP;08737-363;Brazil
10804;BLONP;3;30/12/1997 00:00:00;27/01/1998 00:00:00;07/01/1998 00:00:00;2;27,3300;Seven Seas Imports;90 Wadhurst Rd.;London;;OX15 4NB;UK
10805;BLONP;3;30/12/1997 00:00:00;27/01/1998 00:00:00;09/01/1998 00:00:00;3;237,3400;The Big Cheese;89 Jefferson Way Suite 2;Portland;OR;97201;USA
10806;BLONP;3;31/12/1997 00:00:00;28/01/1998 00:00:00;05/01/1998 00:00:00;2;22,1100;Victuailles en stock;2, rue du Commerce;Lyon;;69004;France
10807;BLONP;1;31/12/1997 00:00:00;28/01/1998 00:00:00;30/01/1998 00:00:00;1;1,3600;Franchi S.p.A.;Via Monte Bianco 34;Torino;;10100;Italy
10808;PICCO;3;01/01/1998 00:00:00;29/01/1998 00:00:00;09/01/1998 00:00:00;3;45,5300;Old World Delicatessen;2743 Bering St.;Anchorage;AK;99508;USA
10809;BLONP;1;01/01/1998 00:00:00;29/01/1998 00:00:00;07/01/1998 00:00:00;1;4,8700;Wellington Importadora;Rua do Mercado, 12;Resende;SP;08737-363;Brazil
10810;BLONP;1;01/01/1998 00:00:00;29/01/1998 00:00:00;07/01/1998 00:00:00;3;4,3300;Laughing Bacchus Wine Cellars;2319 Elm St.;Vancouver;BC;V3F 2K1;Canada
10811;BLONP;3;02/01/1998 00:00:00;30/01/1998 00:00:00;08/01/1998 00:00:00;1;31,2200;LINO-Delicateses;Ave. 5 de Mayo Porlamar;I. de Margarita;Nueva Esparta;4980;Venezuela
10812;BLONP;3;02/01/1998 00:00:00;30/01/1998 00:00:00;12/01/1998 00:00:00;1;59,7800;Reggiani Caseifici;Strada Provinciale 124;Reggio Emilia;;42100;Italy
10813;DRACD;3;05/01/1998 00:00:00;02/02/1998 00:00:00;09/01/1998 00:00:00;1;47,3800;Ricardo Adocicados;Av. Copacabana, 267;Rio de Janeiro;RJ;02389-890;Brazil
10814;BLONP;3;05/01/1998 00:00:00;02/02/1998 00:00:00;14/01/1998 00:00:00;3;130,9400;Victuailles en stock;2, rue du Commerce;Lyon;;69004;France
10815;BLONP;3;05/01/1998 00:00:00;02/02/1998 00:00:00;14/01/1998 00:00:00;3;14,6200;Save-a-lot Markets;187 Suffolk Ln.;Boise;ID;83720;USA
10816;BLONP;3;06/01/1998 00:00:00;03/02/1998 00:00:00;04/02/1998 00:00:00;2;719,7800;Great Lakes Food Market;2732 Baker Blvd.;Eugene;OR;97403;USA
10817;BLONP;3;06/01/1998 00:00:00;20/01/1998 00:00:00;13/01/1998 00:00:00;2;306,0700;Königlich Essen;Maubelstr. 90;Brandenburg;;14776;Germany
10818;BLONP;3;07/01/1998 00:00:00;04/02/1998 00:00:00;12/01/1998 00:00:00;3;65,4800;Magazzini Alimentari Riuniti;Via Ludovico il Moro 22;Bergamo;;24100;Italy
10819;BLONP;3;07/01/1998 00:00:00;04/02/1998 00:00:00;16/01/1998 00:00:00;3;19,7600;Cactus Comidas para llevar;Cerrito 333;Buenos Aires;;1010;Argentina
10820;PICCO;3;07/01/1998 00:00:00;04/02/1998 00:00:00;13/01/1998 00:00:00;2;37,5200;Rattlesnake Canyon Grocery;2817 Milton Dr.;Albuquerque;NM;87110;USA
10821;BLONP;3;08/01/1998 00:00:00;05/02/1998 00:00:00;15/01/1998 00:00:00;1;36,6800;Split Rail Beer & Ale;P.O. Box 555;Lander;WY;82520;USA
10822;BLONP;1;08/01/1998 00:00:00;05/02/1998 00:00:00;16/01/1998 00:00:00;3;7,0000;Trail's Head Gourmet Provisioners;722 DaVinci Blvd.;Kirkland;WA;98034;USA
10823;BLONP;3;09/01/1998 00:00:00;06/02/1998 00:00:00;13/01/1998 00:00:00;2;163,9700;LILA-Supermercado;Carrera 52 con Ave. Bolívar #65-98 Llano Largo;Barquisimeto;Lara;3508;Venezuela
10824;BLONP;1;09/01/1998 00:00:00;06/02/1998 00:00:00;30/01/1998 00:00:00;1;1,2300;Folk och fä HB;Åkergatan 24;Bräcke;;S-844 67;Sweden
10825;BLONP;3;09/01/1998 00:00:00;06/02/1998 00:00:00;14/01/1998 00:00:00;1;79,2500;Drachenblut Delikatessen;Walserweg 21;Aachen;;52066;Germany
10826;BLONP;1;12/01/1998 00:00:00;09/02/1998 00:00:00;06/02/1998 00:00:00;1;7,0900;Blondel père et fils;24, place Kléber;Strasbourg;;67000;France
10827;BLONP;3;12/01/1998 00:00:00;26/01/1998 00:00:00;06/02/1998 00:00:00;2;63,5400;Bon app';12, rue des Bouchers;Marseille;;13008;France
10828;BLONP;3;13/01/1998 00:00:00;27/01/1998 00:00:00;04/02/1998 00:00:00;1;90,8500;Rancho grande;Av. del Libertador 900;Buenos Aires;;1010;Argentina
10829;BLONP;3;13/01/1998 00:00:00;10/02/1998 00:00:00;23/01/1998 00:00:00;1;154,7200;Island Trading;Garden House Crowther Way;Cowes;Isle of Wight;PO31 7PJ;UK
10830;BLONP;3;13/01/1998 00:00:00;24/02/1998 00:00:00;21/01/1998 00:00:00;2;81,8300;Tradiçao Hipermercados;Av. Inês de Castro, 414;Sao Paulo;SP;05634-030;Brazil
10831;BLONP;3;14/01/1998 00:00:00;11/02/1998 00:00:00;23/01/1998 00:00:00;2;72,1900;Santé Gourmet;Erling Skakkes gate 78;Stavern;;4110;Norway
10832;FISSA;3;14/01/1998 00:00:00;11/02/1998 00:00:00;19/01/1998 00:00:00;2;43,2600;La maison d'Asie;1 rue Alsace-Lorraine;Toulouse;;31000;France
10833;BLONP;3;15/01/1998 00:00:00;12/02/1998 00:00:00;23/01/1998 00:00:00;2;71,4900;Ottilies Käseladen;Mehrheimerstr. 369;Köln;;50739;Germany
10834;BLONP;3;15/01/1998 00:00:00;12/02/1998 00:00:00;19/01/1998 00:00:00;3;29,7800;Tradiçao Hipermercados;Av. Inês de Castro, 414;Sao Paulo;SP;05634-030;Brazil
10835;BLONP;3;15/01/1998 00:00:00;12/02/1998 00:00:00;21/01/1998 00:00:00;3;69,5300;Alfred's Futterkiste;Obere Str. 57;Berlin;;12209;Germany
10836;BLONP;3;16/01/1998 00:00:00;13/02/1998 00:00:00;21/01/1998 00:00:00;1;411,8800;Ernst Handel;Kirchgasse 6;Graz;;8010;Austria
10837;BLONP;3;16/01/1998 00:00:00;13/02/1998 00:00:00;23/01/1998 00:00:00;3;13,3200;Berglunds snabbköp;Berguvsvägen  8;Luleå;;S-958 22;Sweden
10838;BLONP;3;19/01/1998 00:00:00;16/02/1998 00:00:00;23/01/1998 00:00:00;3;59,2800;LINO-Delicateses;Ave. 5 de Mayo Porlamar;I. de Margarita;Nueva Esparta;4980;Venezuela
10839;BLONP;3;19/01/1998 00:00:00;16/02/1998 00:00:00;22/01/1998 00:00:00;3;35,4300;Tradiçao Hipermercados;Av. Inês de Castro, 414;Sao Paulo;SP;05634-030;Brazil
10840;BLONP;1;19/01/1998 00:00:00;02/03/1998 00:00:00;16/02/1998 00:00:00;2;2,7100;LINO-Delicateses;Ave. 5 de Mayo Porlamar;I. de Margarita;Nueva Esparta;4980;Venezuela
10841;BLONP;3;20/01/1998 00:00:00;17/02/1998 00:00:00;29/01/1998 00:00:00;2;424,3000;Suprêmes délices;Boulevard Tirou, 255;Charleroi;;B-6000;Belgium
10842;BLONP;3;20/01/1998 00:00:00;17/02/1998 00:00:00;29/01/1998 00:00:00;3;54,4200;Tortuga Restaurante;Avda. Azteca 123;México D.F.;;05033;Mexico
10843;BLONP;1;21/01/1998 00:00:00;18/02/1998 00:00:00;26/01/1998 00:00:00;2;9,2600;Victuailles en stock;2, rue du Commerce;Lyon;;69004;France
10844;BLONP;3;21/01/1998 00:00:00;18/02/1998 00:00:00;26/01/1998 00:00:00;2;25,2200;Piccolo und mehr;Geislweg 14;Salzburg;;5020;Austria
10845;BLONP;3;21/01/1998 00:00:00;04/02/1998 00:00:00;30/01/1998 00:00:00;1;212,9800;QUICK-Stop;Taucherstraße 10;Cunewalde;;01307;Germany
10846;BLONP;3;22/01/1998 00:00:00;05/03/1998 00:00:00;23/01/1998 00:00:00;3;56,4600;Suprêmes délices;Boulevard Tirou, 255;Charleroi;;B-6000;Belgium
10847;BLONP;3;22/01/1998 00:00:00;05/02/1998 00:00:00;10/02/1998 00:00:00;3;487,5700;Save-a-lot Markets;187 Suffolk Ln.;Boise;ID;83720;USA
10848;BLONP;3;23/01/1998 00:00:00;20/02/1998 00:00:00;29/01/1998 00:00:00;2;38,2400;Consolidated Holdings;Berkeley Gardens 12  Brewery;London;;WX1 6LT;UK
10849;BLONP;1;23/01/1998 00:00:00;20/02/1998 00:00:00;30/01/1998 00:00:00;2;0,5600;Königlich Essen;Maubelstr. 90;Brandenburg;;14776;Germany
10850;BLONP;3;23/01/1998 00:00:00;06/03/1998 00:00:00;30/01/1998 00:00:00;1;49,1900;Victuailles en stock;2, rue du Commerce;Lyon;;69004;France
10851;DRACD;3;26/01/1998 00:00:00;23/02/1998 00:00:00;02/02/1998 00:00:00;1;160,5500;Ricardo Adocicados;Av. Copacabana, 267;Rio de Janeiro;RJ;02389-890;Brazil
10852;PICCO;3;26/01/1998 00:00:00;09/02/1998 00:00:00;30/01/1998 00:00:00;1;174,0500;Rattlesnake Canyon Grocery;2817 Milton Dr.;Albuquerque;NM;87110;USA
10853;BLONP;3;27/01/1998 00:00:00;24/02/1998 00:00:00;03/02/1998 00:00:00;2;53,8300;Blauer See Delikatessen;Forsterstr. 57;Mannheim;;68306;Germany
10854;BLONP;3;27/01/1998 00:00:00;24/02/1998 00:00:00;05/02/1998 00:00:00;2;100,2200;Ernst Handel;Kirchgasse 6;Graz;;8010;Austria
10855;PICCO;3;27/01/1998 00:00:00;24/02/1998 00:00:00;04/02/1998 00:00:00;1;170,9700;Old World Delicatessen;2743 Bering St.;Anchorage;AK;99508;USA
10856;BLONP;3;28/01/1998 00:00:00;25/02/1998 00:00:00;10/02/1998 00:00:00;2;58,4300;Antonio Moreno Taquería;Mataderos  2312;México D.F.;;05023;Mexico
10857;BLONP;3;28/01/1998 00:00:00;25/02/1998 00:00:00;06/02/1998 00:00:00;2;188,8500;Berglunds snabbköp;Berguvsvägen  8;Luleå;;S-958 22;Sweden
10858;BLONP;3;29/01/1998 00:00:00;26/02/1998 00:00:00;03/02/1998 00:00:00;1;52,5100;La corne d'abondance;67, avenue de l'Europe;Versailles;;78000;France
10859;BLONP;3;29/01/1998 00:00:00;26/02/1998 00:00:00;02/02/1998 00:00:00;2;76,1000;Frankenversand;Berliner Platz 43;München;;80805;Germany
10860;BLONP;3;29/01/1998 00:00:00;26/02/1998 00:00:00;04/02/1998 00:00:00;3;19,2600;France restauration;54, rue Royale;Nantes;;44000;France
10861;BLONP;3;30/01/1998 00:00:00;27/02/1998 00:00:00;17/02/1998 00:00:00;2;14,9300;White Clover Markets;1029 - 12th Ave. S.;Seattle;WA;98124;USA
10862;BLONP;3;30/01/1998 00:00:00;13/03/1998 00:00:00;02/02/1998 00:00:00;2;53,2300;Lehmanns Marktstand;Magazinweg 7;Frankfurt a.M.;;60528;Germany
10863;BLONP;3;02/02/1998 00:00:00;02/03/1998 00:00:00;17/02/1998 00:00:00;2;30,2600;HILARION-Abastos;Carrera 22 con Ave. Carlos Soublette #8-35;San Cristóbal;Táchira;5022;Venezuela
10864;BLONP;1;02/02/1998 00:00:00;02/03/1998 00:00:00;09/02/1998 00:00:00;2;3,0400;Around the Horn;Brook Farm Stratford St. Mary;Colchester;Essex;CO7 6JX;UK
10865;BLONP;2;02/02/1998 00:00:00;16/02/1998 00:00:00;12/02/1998 00:00:00;1;348,1400;QUICK-Stop;Taucherstraße 10;Cunewalde;;01307;Germany
10866;BLONP;2;03/02/1998 00:00:00;03/03/1998 00:00:00;12/02/1998 00:00:00;1;109,1100;Berglunds snabbköp;Berguvsvägen  8;Luleå;;S-958 22;Sweden
10867;BLONP;2;03/02/1998 00:00:00;17/03/1998 00:00:00;11/02/1998 00:00:00;1;1,9300;Lonesome Pine Restaurant;89 Chiaroscuro Rd.;Portland;OR;97219;USA
10868;BLONP;2;04/02/1998 00:00:00;04/03/1998 00:00:00;23/02/1998 00:00:00;2;191,2700;Queen Cozinha;Alameda dos Canàrios, 891;Sao Paulo;SP;05487-020;Brazil
10869;BLONP;2;04/02/1998 00:00:00;04/03/1998 00:00:00;09/02/1998 00:00:00;1;143,2800;Seven Seas Imports;90 Wadhurst Rd.;London;;OX15 4NB;UK
10870;FISSA;2;04/02/1998 00:00:00;04/03/1998 00:00:00;13/02/1998 00:00:00;3;12,0400;Wolski Zajazd;ul. Filtrowa 68;Warszawa;;01-012;Poland
10871;BLONP;2;05/02/1998 00:00:00;05/03/1998 00:00:00;10/02/1998 00:00:00;2;112,2700;Bon app';12, rue des Bouchers;Marseille;;13008;France
10872;BLONP;2;05/02/1998 00:00:00;05/03/1998 00:00:00;09/02/1998 00:00:00;2;175,3200;Godos Cocina Típica;C/ Romero, 33;Sevilla;;41101;Spain
10873;BLONP;2;06/02/1998 00:00:00;06/03/1998 00:00:00;09/02/1998 00:00:00;1;0,8200;Wilman Kala;Keskuskatu 45;Helsinki;;21240;Finland
10874;BLONP;2;06/02/1998 00:00:00;06/03/1998 00:00:00;11/02/1998 00:00:00;2;19,5800;Godos Cocina Típica;C/ Romero, 33;Sevilla;;41101;Spain
10875;BLONP;2;06/02/1998 00:00:00;06/03/1998 00:00:00;03/03/1998 00:00:00;2;32,3700;Berglunds snabbköp;Berguvsvägen  8;Luleå;;S-958 22;Sweden
10876;BLONP;2;09/02/1998 00:00:00;09/03/1998 00:00:00;12/02/1998 00:00:00;3;60,4200;Bon app';12, rue des Bouchers;Marseille;;13008;France
10877;DRACD;2;09/02/1998 00:00:00;09/03/1998 00:00:00;19/02/1998 00:00:00;1;38,0600;Ricardo Adocicados;Av. Copacabana, 267;Rio de Janeiro;RJ;02389-890;Brazil
10878;BLONP;2;10/02/1998 00:00:00;10/03/1998 00:00:00;12/02/1998 00:00:00;1;46,6900;QUICK-Stop;Taucherstraße 10;Cunewalde;;01307;Germany
10879;BLONP;2;10/02/1998 00:00:00;10/03/1998 00:00:00;12/02/1998 00:00:00;3;8,5000;Wilman Kala;Keskuskatu 45;Helsinki;;21240;Finland
10880;BLONP;2;10/02/1998 00:00:00;24/03/1998 00:00:00;18/02/1998 00:00:00;1;88,0100;Folk och fä HB;Åkergatan 24;Bräcke;;S-844 67;Sweden
10881;BLONP;2;11/02/1998 00:00:00;11/03/1998 00:00:00;18/02/1998 00:00:00;1;2,8400;Cactus Comidas para llevar;Cerrito 333;Buenos Aires;;1010;Argentina
10882;BLONP;2;11/02/1998 00:00:00;11/03/1998 00:00:00;20/02/1998 00:00:00;3;23,1000;Save-a-lot Markets;187 Suffolk Ln.;Boise;ID;83720;USA
10883;ANTON;2;12/02/1998 00:00:00;12/03/1998 00:00:00;20/02/1998 00:00:00;3;0,5300;Lonesome Pine Restaurant;89 Chiaroscuro Rd.;Portland;OR;97219;USA
10884;BLONP;2;12/02/1998 00:00:00;12/03/1998 00:00:00;13/02/1998 00:00:00;2;90,9700;Let's Stop N Shop;87 Polk St. Suite 5;San Francisco;CA;94117;USA
10885;BLONP;2;12/02/1998 00:00:00;12/03/1998 00:00:00;18/02/1998 00:00:00;3;5,6400;Suprêmes délices;Boulevard Tirou, 255;Charleroi;;B-6000;Belgium
10886;DRACD;2;13/02/1998 00:00:00;13/03/1998 00:00:00;02/03/1998 00:00:00;1;4,9900;Hanari Carnes;Rua do Paço, 67;Rio de Janeiro;RJ;05454-876;Brazil
10887;BLONP;2;13/02/1998 00:00:00;13/03/1998 00:00:00;16/02/1998 00:00:00;3;1,2500;Galería del gastronómo;Rambla de Cataluña, 23;Barcelona;;8022;Spain
10888;BLONP;2;16/02/1998 00:00:00;16/03/1998 00:00:00;23/02/1998 00:00:00;2;51,8700;Godos Cocina Típica;C/ Romero, 33;Sevilla;;41101;Spain
10889;PICCO;2;16/02/1998 00:00:00;16/03/1998 00:00:00;23/02/1998 00:00:00;3;280,6100;Rattlesnake Canyon Grocery;2817 Milton Dr.;Albuquerque;NM;87110;USA
10890;BLONP;2;16/02/1998 00:00:00;16/03/1998 00:00:00;18/02/1998 00:00:00;1;32,7600;Du monde entier;67, rue des Cinquante Otages;Nantes;;44000;France
10891;BLONP;2;17/02/1998 00:00:00;17/03/1998 00:00:00;19/02/1998 00:00:00;2;20,3700;Lehmanns Marktstand;Magazinweg 7;Frankfurt a.M.;;60528;Germany
10892;BLONP;2;17/02/1998 00:00:00;17/03/1998 00:00:00;19/02/1998 00:00:00;2;120,2700;Maison Dewey;Rue Joseph-Bens 532;Bruxelles;;B-1180;Belgium
10893;BLONP;2;18/02/1998 00:00:00;18/03/1998 00:00:00;20/02/1998 00:00:00;2;77,7800;Königlich Essen;Maubelstr. 90;Brandenburg;;14776;Germany
10894;BLONP;2;18/02/1998 00:00:00;18/03/1998 00:00:00;20/02/1998 00:00:00;1;116,1300;Save-a-lot Markets;187 Suffolk Ln.;Boise;ID;83720;USA
10895;BLONP;2;18/02/1998 00:00:00;18/03/1998 00:00:00;23/02/1998 00:00:00;1;162,7500;Ernst Handel;Kirchgasse 6;Graz;;8010;Austria
10896;BLONP;2;19/02/1998 00:00:00;19/03/1998 00:00:00;27/02/1998 00:00:00;3;32,4500;Maison Dewey;Rue Joseph-Bens 532;Bruxelles;;B-1180;Belgium
10897;FISSA;2;19/02/1998 00:00:00;19/03/1998 00:00:00;25/02/1998 00:00:00;2;603,5400;Hungry Owl All-Night Grocers;8 Johnstown Road;Cork;Co. Cork;;Ireland
10898;BLONP;2;20/02/1998 00:00:00;20/03/1998 00:00:00;06/03/1998 00:00:00;2;1,2700;Océano Atlántico Ltda.;Ing. Gustavo Moncada 8585 Piso 20-A;Buenos Aires;;1010;Argentina
10899;BLONP;2;20/02/1998 00:00:00;20/03/1998 00:00:00;26/02/1998 00:00:00;3;1,2100;LILA-Supermercado;Carrera 52 con Ave. Bolívar #65-98 Llano Largo;Barquisimeto;Lara;3508;Venezuela
10900;BLONP;2;20/02/1998 00:00:00;20/03/1998 00:00:00;04/03/1998 00:00:00;2;1,6600;Wellington Importadora;Rua do Mercado, 12;Resende;SP;08737-363;Brazil
10901;BLONP;2;23/02/1998 00:00:00;23/03/1998 00:00:00;26/02/1998 00:00:00;1;62,0900;HILARION-Abastos;Carrera 22 con Ave. Carlos Soublette #8-35;San Cristóbal;Táchira;5022;Venezuela
10902;BLONP;2;23/02/1998 00:00:00;23/03/1998 00:00:00;03/03/1998 00:00:00;1;44,1500;Folk och fä HB;Åkergatan 24;Bräcke;;S-844 67;Sweden
10903;DRACD;2;24/02/1998 00:00:00;24/03/1998 00:00:00;04/03/1998 00:00:00;3;36,7100;Hanari Carnes;Rua do Paço, 67;Rio de Janeiro;RJ;05454-876;Brazil
10904;BLONP;2;24/02/1998 00:00:00;24/03/1998 00:00:00;27/02/1998 00:00:00;3;162,9500;White Clover Markets;1029 - 12th Ave. S.;Seattle;WA;98124;USA
10905;BLONP;2;24/02/1998 00:00:00;24/03/1998 00:00:00;06/03/1998 00:00:00;2;13,7200;Wellington Importadora;Rua do Mercado, 12;Resende;SP;08737-363;Brazil
10906;FISSA;2;25/02/1998 00:00:00;11/03/1998 00:00:00;03/03/1998 00:00:00;3;26,2900;Wolski Zajazd;ul. Filtrowa 68;Warszawa;;01-012;Poland
10907;BLONP;2;25/02/1998 00:00:00;25/03/1998 00:00:00;27/02/1998 00:00:00;3;9,1900;Spécialités du monde;25, rue Lauriston;Paris;;75016;France
10908;BLONP;2;26/02/1998 00:00:00;26/03/1998 00:00:00;06/03/1998 00:00:00;2;32,9600;Reggiani Caseifici;Strada Provinciale 124;Reggio Emilia;;42100;Italy
10909;BLONP;2;26/02/1998 00:00:00;26/03/1998 00:00:00;10/03/1998 00:00:00;2;53,0500;Santé Gourmet;Erling Skakkes gate 78;Stavern;;4110;Norway
10910;BLONP;2;26/02/1998 00:00:00;26/03/1998 00:00:00;04/03/1998 00:00:00;3;38,1100;Wilman Kala;Keskuskatu 45;Helsinki;;21240;Finland
10911;BLONP;2;26/02/1998 00:00:00;26/03/1998 00:00:00;05/03/1998 00:00:00;1;38,1900;Godos Cocina Típica;C/ Romero, 33;Sevilla;;41101;Spain
10912;FISSA;2;26/02/1998 00:00:00;26/03/1998 00:00:00;18/03/1998 00:00:00;2;580,9100;Hungry Owl All-Night Grocers;8 Johnstown Road;Cork;Co. Cork;;Ireland
10913;BLONP;2;26/02/1998 00:00:00;26/03/1998 00:00:00;04/03/1998 00:00:00;1;33,0500;Queen Cozinha;Alameda dos Canàrios, 891;Sao Paulo;SP;05487-020;Brazil
10914;BLONP;2;27/02/1998 00:00:00;27/03/1998 00:00:00;02/03/1998 00:00:00;1;21,1900;Queen Cozinha;Alameda dos Canàrios, 891;Sao Paulo;SP;05487-020;Brazil
10915;BLONP;2;27/02/1998 00:00:00;27/03/1998 00:00:00;02/03/1998 00:00:00;2;3,5100;Tortuga Restaurante;Avda. Azteca 123;México D.F.;;05033;Mexico
10916;BLONP;2;27/02/1998 00:00:00;27/03/1998 00:00:00;09/03/1998 00:00:00;2;63,7700;Rancho grande;Av. del Libertador 900;Buenos Aires;;1010;Argentina
10917;BLONP;2;02/03/1998 00:00:00;30/03/1998 00:00:00;11/03/1998 00:00:00;2;8,2900;Romero y tomillo;Gran Vía, 1;Madrid;;28001;Spain
10918;BLONP;2;02/03/1998 00:00:00;30/03/1998 00:00:00;11/03/1998 00:00:00;3;48,8300;Bottom-Dollar Markets;23 Tsawassen Blvd.;Tsawassen;BC;T2F 8M4;Canada
10919;BLONP;2;02/03/1998 00:00:00;30/03/1998 00:00:00;04/03/1998 00:00:00;2;19,8000;LINO-Delicateses;Ave. 5 de Mayo Porlamar;I. de Margarita;Nueva Esparta;4980;Venezuela
10920;BLONP;2;03/03/1998 00:00:00;31/03/1998 00:00:00;09/03/1998 00:00:00;2;29,6100;Around the Horn;Brook Farm Stratford St. Mary;Colchester;Essex;CO7 6JX;UK
10921;BLONP;2;03/03/1998 00:00:00;14/04/1998 00:00:00;09/03/1998 00:00:00;1;176,4800;Vaffeljernet;Smagsloget 45;Århus;;8200;Denmark
10922;DRACD;2;03/03/1998 00:00:00;31/03/1998 00:00:00;05/03/1998 00:00:00;3;62,7400;Hanari Carnes;Rua do Paço, 67;Rio de Janeiro;RJ;05454-876;Brazil
10923;FISSA;2;03/03/1998 00:00:00;14/04/1998 00:00:00;13/03/1998 00:00:00;3;68,2600;La maison d'Asie;1 rue Alsace-Lorraine;Toulouse;;31000;France
10924;BLONP;2;04/03/1998 00:00:00;01/04/1998 00:00:00;08/04/1998 00:00:00;2;151,5200;Berglunds snabbköp;Berguvsvägen  8;Luleå;;S-958 22;Sweden
10925;DRACD;2;04/03/1998 00:00:00;01/04/1998 00:00:00;13/03/1998 00:00:00;1;2,2700;Hanari Carnes;Rua do Paço, 67;Rio de Janeiro;RJ;05454-876;Brazil
10926;BLONP;2;04/03/1998 00:00:00;01/04/1998 00:00:00;11/03/1998 00:00:00;3;39,9200;Ana Trujillo Emparedados y helados;Avda. de la Constitución 2222;México D.F.;;05021;Mexico
10927;BLONP;2;05/03/1998 00:00:00;02/04/1998 00:00:00;08/04/1998 00:00:00;1;19,7900;La corne d'abondance;67, avenue de l'Europe;Versailles;;78000;France
10928;BLONP;2;05/03/1998 00:00:00;02/04/1998 00:00:00;18/03/1998 00:00:00;1;1,3600;Galería del gastronómo;Rambla de Cataluña, 23;Barcelona;;8022;Spain
10929;BLONP;2;05/03/1998 00:00:00;02/04/1998 00:00:00;12/03/1998 00:00:00;1;33,9300;Frankenversand;Berliner Platz 43;München;;80805;Germany
10930;BLONP;2;06/03/1998 00:00:00;17/04/1998 00:00:00;18/03/1998 00:00:00;3;15,5500;Suprêmes délices;Boulevard Tirou, 255;Charleroi;;B-6000;Belgium
10931;BLONP;2;06/03/1998 00:00:00;20/03/1998 00:00:00;19/03/1998 00:00:00;2;13,6000;Richter Supermarkt;Starenweg 5;Genève;;1204;Switzerland
10932;BLONP;2;06/03/1998 00:00:00;03/04/1998 00:00:00;24/03/1998 00:00:00;1;134,6400;Bon app';12, rue des Bouchers;Marseille;;13008;France
10933;BLONP;2;06/03/1998 00:00:00;03/04/1998 00:00:00;16/03/1998 00:00:00;3;54,1500;Island Trading;Garden House Crowther Way;Cowes;Isle of Wight;PO31 7PJ;UK
10934;BLONP;2;09/03/1998 00:00:00;06/04/1998 00:00:00;12/03/1998 00:00:00;3;32,0100;Lehmanns Marktstand;Magazinweg 7;Frankfurt a.M.;;60528;Germany
10935;BLONP;2;09/03/1998 00:00:00;06/04/1998 00:00:00;18/03/1998 00:00:00;3;47,5900;Wellington Importadora;Rua do Mercado, 12;Resende;SP;08737-363;Brazil
10936;BLONP;2;09/03/1998 00:00:00;06/04/1998 00:00:00;18/03/1998 00:00:00;2;33,6800;Great Lakes Food Market;2732 Baker Blvd.;Eugene;OR;97403;USA
10937;BLONP;2;10/03/1998 00:00:00;24/03/1998 00:00:00;13/03/1998 00:00:00;3;31,5100;Cactus Comidas para llevar;Cerrito 333;Buenos Aires;;1010;Argentina
10938;BLONP;2;10/03/1998 00:00:00;07/04/1998 00:00:00;16/03/1998 00:00:00;2;31,8900;QUICK-Stop;Taucherstraße 10;Cunewalde;;01307;Germany
10939;BLONP;2;10/03/1998 00:00:00;07/04/1998 00:00:00;13/03/1998 00:00:00;2;76,3300;Magazzini Alimentari Riuniti;Via Ludovico il Moro 22;Bergamo;;24100;Italy
10940;BLONP;2;11/03/1998 00:00:00;08/04/1998 00:00:00;23/03/1998 00:00:00;3;19,7700;Bon app';12, rue des Bouchers;Marseille;;13008;France
10941;BLONP;2;11/03/1998 00:00:00;08/04/1998 00:00:00;20/03/1998 00:00:00;2;400,8100;Save-a-lot Markets;187 Suffolk Ln.;Boise;ID;83720;USA
10942;BLONP;2;11/03/1998 00:00:00;08/04/1998 00:00:00;18/03/1998 00:00:00;3;17,9500;Reggiani Caseifici;Strada Provinciale 124;Reggio Emilia;;42100;Italy
10943;BLONP;2;11/03/1998 00:00:00;08/04/1998 00:00:00;19/03/1998 00:00:00;2;2,1700;B's Beverages;Fauntleroy Circus;London;;EC2 5NT;UK
10944;BLONP;2;12/03/1998 00:00:00;26/03/1998 00:00:00;13/03/1998 00:00:00;3;52,9200;Bottom-Dollar Markets;23 Tsawassen Blvd.;Tsawassen;BC;T2F 8M4;Canada
10945;BLONP;2;12/03/1998 00:00:00;09/04/1998 00:00:00;18/03/1998 00:00:00;1;10,2200;Morgenstern Gesundkost;Heerstr. 22;Leipzig;;04179;Germany
10946;BLONP;2;12/03/1998 00:00:00;09/04/1998 00:00:00;19/03/1998 00:00:00;2;27,2000;Vaffeljernet;Smagsloget 45;Århus;;8200;Denmark
10947;BLONP;2;13/03/1998 00:00:00;10/04/1998 00:00:00;16/03/1998 00:00:00;2;3,2600;B's Beverages;Fauntleroy Circus;London;;EC2 5NT;UK
10948;BLONP;2;13/03/1998 00:00:00;10/04/1998 00:00:00;19/03/1998 00:00:00;3;23,3900;Godos Cocina Típica;C/ Romero, 33;Sevilla;;41101;Spain
10949;BLONP;2;13/03/1998 00:00:00;10/04/1998 00:00:00;17/03/1998 00:00:00;3;74,4400;Bottom-Dollar Markets;23 Tsawassen Blvd.;Tsawassen;BC;T2F 8M4;Canada
10950;BLONP;2;16/03/1998 00:00:00;13/04/1998 00:00:00;23/03/1998 00:00:00;2;2,5000;Magazzini Alimentari Riuniti;Via Ludovico il Moro 22;Bergamo;;24100;Italy
10951;BLONP;2;16/03/1998 00:00:00;27/04/1998 00:00:00;07/04/1998 00:00:00;2;30,8500;Richter Supermarkt;Starenweg 5;Genève;;1204;Switzerland
10952;BLONP;2;16/03/1998 00:00:00;27/04/1998 00:00:00;24/03/1998 00:00:00;1;40,4200;Alfred's Futterkiste;Obere Str. 57;Berlin;;12209;Germany
10953;BLONP;2;16/03/1998 00:00:00;30/03/1998 00:00:00;25/03/1998 00:00:00;2;23,7200;Around the Horn;Brook Farm Stratford St. Mary;Colchester;Essex;CO7 6JX;UK
10954;BLONP;2;17/03/1998 00:00:00;28/04/1998 00:00:00;20/03/1998 00:00:00;1;27,9100;LINO-Delicateses;Ave. 5 de Mayo Porlamar;I. de Margarita;Nueva Esparta;4980;Venezuela
10955;BLONP;2;17/03/1998 00:00:00;14/04/1998 00:00:00;20/03/1998 00:00:00;2;3,2600;Folk och fä HB;Åkergatan 24;Bräcke;;S-844 67;Sweden
10956;BLONP;2;17/03/1998 00:00:00;28/04/1998 00:00:00;20/03/1998 00:00:00;2;44,6500;Blauer See Delikatessen;Forsterstr. 57;Mannheim;;68306;Germany
10957;BLONP;2;18/03/1998 00:00:00;15/04/1998 00:00:00;27/03/1998 00:00:00;3;105,3600;HILARION-Abastos;Carrera 22 con Ave. Carlos Soublette #8-35;San Cristóbal;Táchira;5022;Venezuela
10958;BLONP;2;18/03/1998 00:00:00;15/04/1998 00:00:00;27/03/1998 00:00:00;2;49,5600;Océano Atlántico Ltda.;Ing. Gustavo Moncada 8585 Piso 20-A;Buenos Aires;;1010;Argentina
10959;BLONP;2;18/03/1998 00:00:00;29/04/1998 00:00:00;23/03/1998 00:00:00;2;4,9800;Gourmet Lanchonetes;Av. Brasil, 442;Campinas;SP;04876-786;Brazil
10960;BLONP;2;19/03/1998 00:00:00;02/04/1998 00:00:00;08/04/1998 00:00:00;1;2,0800;HILARION-Abastos;Carrera 22 con Ave. Carlos Soublette #8-35;San Cristóbal;Táchira;5022;Venezuela
10961;BLONP;2;19/03/1998 00:00:00;16/04/1998 00:00:00;30/03/1998 00:00:00;1;104,4700;Queen Cozinha;Alameda dos Canàrios, 891;Sao Paulo;SP;05487-020;Brazil
10962;BLONP;2;19/03/1998 00:00:00;16/04/1998 00:00:00;23/03/1998 00:00:00;2;275,7900;QUICK-Stop;Taucherstraße 10;Cunewalde;;01307;Germany
10963;BLONP;2;19/03/1998 00:00:00;16/04/1998 00:00:00;26/03/1998 00:00:00;3;2,7000;Furia Bacalhau e Frutos do Mar;Jardim das rosas n. 32;Lisboa;;1675;Portugal
10964;BLONP;2;20/03/1998 00:00:00;17/04/1998 00:00:00;24/03/1998 00:00:00;2;87,3800;Spécialités du monde;25, rue Lauriston;Paris;;75016;France
10965;PICCO;2;20/03/1998 00:00:00;17/04/1998 00:00:00;30/03/1998 00:00:00;3;144,3800;Old World Delicatessen;2743 Bering St.;Anchorage;AK;99508;USA
10966;BLONP;2;20/03/1998 00:00:00;17/04/1998 00:00:00;08/04/1998 00:00:00;1;27,1900;Chop-suey Chinese;Hauptstr. 31;Bern;;3012;Switzerland
10967;BLONP;2;23/03/1998 00:00:00;20/04/1998 00:00:00;02/04/1998 00:00:00;2;62,2200;Toms Spezialitäten;Luisenstr. 48;Münster;;44087;Germany
10968;BLONP;2;23/03/1998 00:00:00;20/04/1998 00:00:00;01/04/1998 00:00:00;3;74,6000;Ernst Handel;Kirchgasse 6;Graz;;8010;Austria
10969;ANTON;2;23/03/1998 00:00:00;20/04/1998 00:00:00;30/03/1998 00:00:00;2;0,2100;Comércio Mineiro;Av. dos Lusíadas, 23;Sao Paulo;SP;05432-043;Brazil
10970;BLONP;2;24/03/1998 00:00:00;07/04/1998 00:00:00;24/04/1998 00:00:00;1;16,1600;Bólido Comidas preparadas;C/ Araquil, 67;Madrid;;28023;Spain
10971;BLONP;2;24/03/1998 00:00:00;21/04/1998 00:00:00;02/04/1998 00:00:00;2;121,8200;France restauration;54, rue Royale;Nantes;;44000;France
10972;ANTON;2;24/03/1998 00:00:00;21/04/1998 00:00:00;26/03/1998 00:00:00;2;0,0200;La corne d'abondance;67, avenue de l'Europe;Versailles;;78000;France
10973;BLONP;2;24/03/1998 00:00:00;21/04/1998 00:00:00;27/03/1998 00:00:00;2;15,1700;La corne d'abondance;67, avenue de l'Europe;Versailles;;78000;France
10974;BLONP;2;25/03/1998 00:00:00;08/04/1998 00:00:00;03/04/1998 00:00:00;3;12,9600;Split Rail Beer & Ale;P.O. Box 555;Lander;WY;82520;USA
10975;BLONP;2;25/03/1998 00:00:00;22/04/1998 00:00:00;27/03/1998 00:00:00;3;32,2700;Bottom-Dollar Markets;23 Tsawassen Blvd.;Tsawassen;BC;T2F 8M4;Canada
10976;BLONP;2;25/03/1998 00:00:00;06/05/1998 00:00:00;03/04/1998 00:00:00;1;37,9700;HILARION-Abastos;Carrera 22 con Ave. Carlos Soublette #8-35;San Cristóbal;Táchira;5022;Venezuela
10977;BLONP;2;26/03/1998 00:00:00;23/04/1998 00:00:00;10/04/1998 00:00:00;3;208,5000;Folk och fä HB;Åkergatan 24;Bräcke;;S-844 67;Sweden
10978;BLONP;2;26/03/1998 00:00:00;23/04/1998 00:00:00;23/04/1998 00:00:00;2;32,8200;Maison Dewey;Rue Joseph-Bens 532;Bruxelles;;B-1180;Belgium
10979;BLONP;2;26/03/1998 00:00:00;23/04/1998 00:00:00;31/03/1998 00:00:00;2;353,0700;Ernst Handel;Kirchgasse 6;Graz;;8010;Austria
10980;BLONP;2;27/03/1998 00:00:00;08/05/1998 00:00:00;17/04/1998 00:00:00;1;1,2600;Folk och fä HB;Åkergatan 24;Bräcke;;S-844 67;Sweden
10981;DRACD;2;27/03/1998 00:00:00;24/04/1998 00:00:00;02/04/1998 00:00:00;2;193,3700;Hanari Carnes;Rua do Paço, 67;Rio de Janeiro;RJ;05454-876;Brazil
10982;BLONP;2;27/03/1998 00:00:00;24/04/1998 00:00:00;08/04/1998 00:00:00;1;14,0100;Bottom-Dollar Markets;23 Tsawassen Blvd.;Tsawassen;BC;T2F 8M4;Canada
10983;BLONP;2;27/03/1998 00:00:00;24/04/1998 00:00:00;06/04/1998 00:00:00;2;657,5400;Save-a-lot Markets;187 Suffolk Ln.;Boise;ID;83720;USA
10984;BLONP;2;30/03/1998 00:00:00;27/04/1998 00:00:00;03/04/1998 00:00:00;3;211,2200;Save-a-lot Markets;187 Suffolk Ln.;Boise;ID;83720;USA
10985;FISSA;2;30/03/1998 00:00:00;27/04/1998 00:00:00;02/04/1998 00:00:00;1;91,5100;Hungry Owl All-Night Grocers;8 Johnstown Road;Cork;Co. Cork;;Ireland
10986;BLONP;2;30/03/1998 00:00:00;27/04/1998 00:00:00;21/04/1998 00:00:00;2;217,8600;Océano Atlántico Ltda.;Ing. Gustavo Moncada 8585 Piso 20-A;Buenos Aires;;1010;Argentina
10987;BLONP;2;31/03/1998 00:00:00;28/04/1998 00:00:00;06/04/1998 00:00:00;1;185,4800;Eastern Connection;35 King George;London;;WX3 6FW;UK
10988;PICCO;2;31/03/1998 00:00:00;28/04/1998 00:00:00;10/04/1998 00:00:00;2;61,1400;Rattlesnake Canyon Grocery;2817 Milton Dr.;Albuquerque;NM;87110;USA
10989;DRACD;2;31/03/1998 00:00:00;28/04/1998 00:00:00;02/04/1998 00:00:00;1;34,7600;Que Delícia;Rua da Panificadora, 12;Rio de Janeiro;RJ;02389-673;Brazil
10990;BLONP;2;01/04/1998 00:00:00;13/05/1998 00:00:00;07/04/1998 00:00:00;3;117,6100;Ernst Handel;Kirchgasse 6;Graz;;8010;Austria
10991;BLONP;2;01/04/1998 00:00:00;29/04/1998 00:00:00;07/04/1998 00:00:00;1;38,5100;QUICK-Stop;Taucherstraße 10;Cunewalde;;01307;Germany
10992;DRACD;2;01/04/1998 00:00:00;29/04/1998 00:00:00;03/04/1998 00:00:00;3;4,2700;The Big Cheese;89 Jefferson Way Suite 2;Portland;OR;97201;USA
10993;BLONP;2;01/04/1998 00:00:00;29/04/1998 00:00:00;10/04/1998 00:00:00;3;8,8100;Folk och fä HB;Åkergatan 24;Bräcke;;S-844 67;Sweden
10994;BLONP;2;02/04/1998 00:00:00;16/04/1998 00:00:00;09/04/1998 00:00:00;3;65,5300;Vaffeljernet;Smagsloget 45;Århus;;8200;Denmark
10995;BLONP;2;02/04/1998 00:00:00;30/04/1998 00:00:00;06/04/1998 00:00:00;3;46,0000;Pericles Comidas clásicas;Calle Dr. Jorge Cash 321;México D.F.;;05033;Mexico
10996;BLONP;2;02/04/1998 00:00:00;30/04/1998 00:00:00;10/04/1998 00:00:00;2;1,1200;QUICK-Stop;Taucherstraße 10;Cunewalde;;01307;Germany
10997;BLONP;2;03/04/1998 00:00:00;15/05/1998 00:00:00;13/04/1998 00:00:00;2;73,9100;LILA-Supermercado;Carrera 52 con Ave. Bolívar #65-98 Llano Largo;Barquisimeto;Lara;3508;Venezuela
10998;FISSA;2;03/04/1998 00:00:00;17/04/1998 00:00:00;17/04/1998 00:00:00;2;20,3100;Wolski Zajazd;ul. Filtrowa 68;Warszawa;;01-012;Poland
10999;BLONP;2;03/04/1998 00:00:00;01/05/1998 00:00:00;10/04/1998 00:00:00;2;96,3500;Ottilies Käseladen;Mehrheimerstr. 369;Köln;;50739;Germany
11000;PICCO;2;06/04/1998 00:00:00;04/05/1998 00:00:00;14/04/1998 00:00:00;3;55,1200;Rattlesnake Canyon Grocery;2817 Milton Dr.;Albuquerque;NM;87110;USA
11001;BLONP;2;06/04/1998 00:00:00;04/05/1998 00:00:00;14/04/1998 00:00:00;2;197,3000;Folk och fä HB;Åkergatan 24;Bräcke;;S-844 67;Sweden
11002;BLONP;2;06/04/1998 00:00:00;04/05/1998 00:00:00;16/04/1998 00:00:00;1;141,1600;Save-a-lot Markets;187 Suffolk Ln.;Boise;ID;83720;USA
11003;BLONP;2;06/04/1998 00:00:00;04/05/1998 00:00:00;08/04/1998 00:00:00;3;14,9100;The Cracker Box;55 Grizzly Peak Rd.;Butte;MT;59801;USA
11004;BLONP;2;07/04/1998 00:00:00;05/05/1998 00:00:00;20/04/1998 00:00:00;1;44,8400;Maison Dewey;Rue Joseph-Bens 532;Bruxelles;;B-1180;Belgium
11005;BLONP;2;07/04/1998 00:00:00;05/05/1998 00:00:00;10/04/1998 00:00:00;1;0,7500;Wilman Kala;Keskuskatu 45;Helsinki;;21240;Finland
11006;DRACD;2;07/04/1998 00:00:00;05/05/1998 00:00:00;15/04/1998 00:00:00;2;25,1900;Great Lakes Food Market;2732 Baker Blvd.;Eugene;OR;97403;USA
11007;BLONP;2;08/04/1998 00:00:00;06/05/1998 00:00:00;13/04/1998 00:00:00;2;202,2400;Princesa Isabel Vinhos;Estrada da saúde n. 58;Lisboa;;1756;Portugal
11008;BLONP;2;08/04/1998 00:00:00;06/05/1998 00:00:00;;3;79,4600;Ernst Handel;Kirchgasse 6;Graz;;8010;Austria
11009;BLONP;2;08/04/1998 00:00:00;06/05/1998 00:00:00;10/04/1998 00:00:00;1;59,1100;Godos Cocina Típica;C/ Romero, 33;Sevilla;;41101;Spain
11010;BLONP;2;09/04/1998 00:00:00;07/05/1998 00:00:00;21/04/1998 00:00:00;2;28,7100;Reggiani Caseifici;Strada Provinciale 124;Reggio Emilia;;42100;Italy
11011;BLONP;2;09/04/1998 00:00:00;07/05/1998 00:00:00;13/04/1998 00:00:00;1;1,2100;Alfred's Futterkiste;Obere Str. 57;Berlin;;12209;Germany
11012;BLONP;2;09/04/1998 00:00:00;23/04/1998 00:00:00;17/04/1998 00:00:00;3;242,9500;Frankenversand;Berliner Platz 43;München;;80805;Germany
11013;BLONP;2;09/04/1998 00:00:00;07/05/1998 00:00:00;10/04/1998 00:00:00;1;32,9900;Romero y tomillo;Gran Vía, 1;Madrid;;28001;Spain
11014;BLONP;2;10/04/1998 00:00:00;08/05/1998 00:00:00;15/04/1998 00:00:00;3;23,6000;LINO-Delicateses;Ave. 5 de Mayo Porlamar;I. de Margarita;Nueva Esparta;4980;Venezuela
11015;BLONP;2;10/04/1998 00:00:00;24/04/1998 00:00:00;20/04/1998 00:00:00;2;4,6200;Santé Gourmet;Erling Skakkes gate 78;Stavern;;4110;Norway
11016;BLONP;2;10/04/1998 00:00:00;08/05/1998 00:00:00;13/04/1998 00:00:00;2;33,8000;Around the Horn;Brook Farm Stratford St. Mary;Colchester;Essex;CO7 6JX;UK
11017;BLONP;2;13/04/1998 00:00:00;11/05/1998 00:00:00;20/04/1998 00:00:00;2;754,2600;Ernst Handel;Kirchgasse 6;Graz;;8010;Austria
11018;DRACD;2;13/04/1998 00:00:00;11/05/1998 00:00:00;16/04/1998 00:00:00;2;11,6500;Lonesome Pine Restaurant;89 Chiaroscuro Rd.;Portland;OR;97219;USA
11019;BLONP;2;13/04/1998 00:00:00;11/05/1998 00:00:00;;3;3,1700;Rancho grande;Av. del Libertador 900;Buenos Aires;;1010;Argentina
11020;BLONP;2;14/04/1998 00:00:00;12/05/1998 00:00:00;16/04/1998 00:00:00;2;43,3000;Ottilies Käseladen;Mehrheimerstr. 369;Köln;;50739;Germany
11021;BLONP;2;14/04/1998 00:00:00;12/05/1998 00:00:00;21/04/1998 00:00:00;1;297,1800;QUICK-Stop;Taucherstraße 10;Cunewalde;;01307;Germany
11022;DRACD;2;14/04/1998 00:00:00;12/05/1998 00:00:00;04/05/1998 00:00:00;2;6,2700;Hanari Carnes;Rua do Paço, 67;Rio de Janeiro;RJ;05454-876;Brazil
11023;BLONP;2;14/04/1998 00:00:00;28/04/1998 00:00:00;24/04/1998 00:00:00;2;123,8300;B's Beverages;Fauntleroy Circus;London;;EC2 5NT;UK
11024;BLONP;2;15/04/1998 00:00:00;13/05/1998 00:00:00;20/04/1998 00:00:00;1;74,3600;Eastern Connection;35 King George;London;;WX3 6FW;UK
11025;BLONP;2;15/04/1998 00:00:00;13/05/1998 00:00:00;24/04/1998 00:00:00;3;29,1700;Wartian Herkku;Torikatu 38;Oulu;;90110;Finland
11026;BLONP;2;15/04/1998 00:00:00;13/05/1998 00:00:00;28/04/1998 00:00:00;1;47,0900;Franchi S.p.A.;Via Monte Bianco 34;Torino;;10100;Italy
11027;BLONP;2;16/04/1998 00:00:00;14/05/1998 00:00:00;20/04/1998 00:00:00;1;52,5200;Bottom-Dollar Markets;23 Tsawassen Blvd.;Tsawassen;BC;T2F 8M4;Canada
11028;BLONP;2;16/04/1998 00:00:00;14/05/1998 00:00:00;22/04/1998 00:00:00;1;29,5900;Königlich Essen;Maubelstr. 90;Brandenburg;;14776;Germany
11029;BLONP;2;16/04/1998 00:00:00;14/05/1998 00:00:00;27/04/1998 00:00:00;1;47,8400;Chop-suey Chinese;Hauptstr. 31;Bern;;3012;Switzerland
11030;BLONP;2;17/04/1998 00:00:00;15/05/1998 00:00:00;27/04/1998 00:00:00;2;830,7500;Save-a-lot Markets;187 Suffolk Ln.;Boise;ID;83720;USA
11031;BLONP;2;17/04/1998 00:00:00;15/05/1998 00:00:00;24/04/1998 00:00:00;2;227,2200;Save-a-lot Markets;187 Suffolk Ln.;Boise;ID;83720;USA
11032;BLONP;2;17/04/1998 00:00:00;15/05/1998 00:00:00;23/04/1998 00:00:00;3;606,1900;White Clover Markets;1029 - 12th Ave. S.;Seattle;WA;98124;USA
11033;BLONP;2;17/04/1998 00:00:00;15/05/1998 00:00:00;23/04/1998 00:00:00;3;84,7400;Richter Supermarkt;Starenweg 5;Genève;;1204;Switzerland
11034;PICCO;2;20/04/1998 00:00:00;01/06/1998 00:00:00;27/04/1998 00:00:00;1;40,3200;Old World Delicatessen;2743 Bering St.;Anchorage;AK;99508;USA
11035;ANTON;2;20/04/1998 00:00:00;18/05/1998 00:00:00;24/04/1998 00:00:00;2;0,1700;Suprêmes délices;Boulevard Tirou, 255;Charleroi;;B-6000;Belgium
11036;BLONP;2;20/04/1998 00:00:00;18/05/1998 00:00:00;22/04/1998 00:00:00;3;149,4700;Drachenblut Delikatessen;Walserweg 21;Aachen;;52066;Germany
11037;BLONP;2;21/04/1998 00:00:00;19/05/1998 00:00:00;27/04/1998 00:00:00;1;3,2000;Godos Cocina Típica;C/ Romero, 33;Sevilla;;41101;Spain
11038;BLONP;2;21/04/1998 00:00:00;19/05/1998 00:00:00;30/04/1998 00:00:00;2;29,5900;Suprêmes délices;Boulevard Tirou, 255;Charleroi;;B-6000;Belgium
11039;BLONP;2;21/04/1998 00:00:00;19/05/1998 00:00:00;;2;65,0000;LINO-Delicateses;Ave. 5 de Mayo Porlamar;I. de Margarita;Nueva Esparta;4980;Venezuela
11040;DRACD;2;22/04/1998 00:00:00;20/05/1998 00:00:00;;3;18,8400;Great Lakes Food Market;2732 Baker Blvd.;Eugene;OR;97403;USA
11041;BLONP;2;22/04/1998 00:00:00;20/05/1998 00:00:00;28/04/1998 00:00:00;2;48,2200;Chop-suey Chinese;Hauptstr. 31;Bern;;3012;Switzerland
11042;BLONP;2;22/04/1998 00:00:00;06/05/1998 00:00:00;01/05/1998 00:00:00;1;29,9900;Comércio Mineiro;Av. dos Lusíadas, 23;Sao Paulo;SP;05432-043;Brazil
11043;BLONP;2;22/04/1998 00:00:00;20/05/1998 00:00:00;29/04/1998 00:00:00;2;8,8000;Spécialités du monde;25, rue Lauriston;Paris;;75016;France
11044;FISSA;2;23/04/1998 00:00:00;21/05/1998 00:00:00;01/05/1998 00:00:00;1;8,7200;Wolski Zajazd;ul. Filtrowa 68;Warszawa;;01-012;Poland
11045;BLONP;2;23/04/1998 00:00:00;21/05/1998 00:00:00;;2;70,5800;Bottom-Dollar Markets;23 Tsawassen Blvd.;Tsawassen;BC;T2F 8M4;Canada
11046;BLONP;2;23/04/1998 00:00:00;21/05/1998 00:00:00;24/04/1998 00:00:00;2;71,6400;Die Wandernde Kuh;Adenauerallee 900;Stuttgart;;70563;Germany
11047;BLONP;2;24/04/1998 00:00:00;22/05/1998 00:00:00;01/05/1998 00:00:00;3;46,6200;Eastern Connection;35 King George;London;;WX3 6FW;UK
11048;BLONP;2;24/04/1998 00:00:00;22/05/1998 00:00:00;30/04/1998 00:00:00;3;24,1200;Bottom-Dollar Markets;23 Tsawassen Blvd.;Tsawassen;BC;T2F 8M4;Canada
11049;BLONP;2;24/04/1998 00:00:00;22/05/1998 00:00:00;04/05/1998 00:00:00;1;8,3400;Gourmet Lanchonetes;Av. Brasil, 442;Campinas;SP;04876-786;Brazil
11050;BLONP;2;27/04/1998 00:00:00;25/05/1998 00:00:00;05/05/1998 00:00:00;2;59,4100;Folk och fä HB;Åkergatan 24;Bräcke;;S-844 67;Sweden
11051;FISSA;2;27/04/1998 00:00:00;25/05/1998 00:00:00;;3;2,7900;La maison d'Asie;1 rue Alsace-Lorraine;Toulouse;;31000;France
11052;DRACD;2;27/04/1998 00:00:00;25/05/1998 00:00:00;01/05/1998 00:00:00;1;67,2600;Hanari Carnes;Rua do Paço, 67;Rio de Janeiro;RJ;05454-876;Brazil
11053;BLONP;2;27/04/1998 00:00:00;25/05/1998 00:00:00;29/04/1998 00:00:00;2;53,0500;Piccolo und mehr;Geislweg 14;Salzburg;;5020;Austria
11054;ANTON;2;28/04/1998 00:00:00;26/05/1998 00:00:00;;1;0,3300;Cactus Comidas para llevar;Cerrito 333;Buenos Aires;;1010;Argentina
11055;BLONP;2;28/04/1998 00:00:00;26/05/1998 00:00:00;05/05/1998 00:00:00;2;120,9200;HILARION-Abastos;Carrera 22 con Ave. Carlos Soublette #8-35;San Cristóbal;Táchira;5022;Venezuela
11056;BLONP;2;28/04/1998 00:00:00;12/05/1998 00:00:00;01/05/1998 00:00:00;2;278,9600;Eastern Connection;35 King George;London;;WX3 6FW;UK
11057;BLONP;2;29/04/1998 00:00:00;27/05/1998 00:00:00;01/05/1998 00:00:00;3;4,1300;North/South;South House 300 Queensbridge;London;;SW7 1RZ;UK
11058;BLONP;2;29/04/1998 00:00:00;27/05/1998 00:00:00;;3;31,1400;Blauer See Delikatessen;Forsterstr. 57;Mannheim;;68306;Germany
11059;DRACD;2;29/04/1998 00:00:00;10/06/1998 00:00:00;;2;85,8000;Ricardo Adocicados;Av. Copacabana, 267;Rio de Janeiro;RJ;02389-890;Brazil
11060;BLONP;2;30/04/1998 00:00:00;28/05/1998 00:00:00;04/05/1998 00:00:00;2;10,9800;Franchi S.p.A.;Via Monte Bianco 34;Torino;;10100;Italy
11061;DRACD;2;30/04/1998 00:00:00;11/06/1998 00:00:00;;3;14,0100;Great Lakes Food Market;2732 Baker Blvd.;Eugene;OR;97403;USA
11062;BLONP;2;30/04/1998 00:00:00;28/05/1998 00:00:00;;2;29,9300;Reggiani Caseifici;Strada Provinciale 124;Reggio Emilia;;42100;Italy
11063;FISSA;2;30/04/1998 00:00:00;28/05/1998 00:00:00;06/05/1998 00:00:00;2;81,7300;Hungry Owl All-Night Grocers;8 Johnstown Road;Cork;Co. Cork;;Ireland
11064;BLONP;2;01/05/1998 00:00:00;29/05/1998 00:00:00;04/05/1998 00:00:00;1;30,0900;Save-a-lot Markets;187 Suffolk Ln.;Boise;ID;83720;USA
11065;BLONP;2;01/05/1998 00:00:00;29/05/1998 00:00:00;;1;12,9100;LILA-Supermercado;Carrera 52 con Ave. Bolívar #65-98 Llano Largo;Barquisimeto;Lara;3508;Venezuela
11066;BLONP;2;01/05/1998 00:00:00;29/05/1998 00:00:00;04/05/1998 00:00:00;2;44,7200;White Clover Markets;1029 - 12th Ave. S.;Seattle;WA;98124;USA
11067;BLONP;2;04/05/1998 00:00:00;18/05/1998 00:00:00;06/05/1998 00:00:00;2;7,9800;Drachenblut Delikatessen;Walserweg 21;Aachen;;52066;Germany
11068;BLONP;2;04/05/1998 00:00:00;01/06/1998 00:00:00;;2;81,7500;Queen Cozinha;Alameda dos Canàrios, 891;Sao Paulo;SP;05487-020;Brazil
11069;BLONP;2;04/05/1998 00:00:00;01/06/1998 00:00:00;06/05/1998 00:00:00;2;15,6700;Tortuga Restaurante;Avda. Azteca 123;México D.F.;;05033;Mexico
11070;BLONP;2;05/05/1998 00:00:00;02/06/1998 00:00:00;;1;136,0000;Lehmanns Marktstand;Magazinweg 7;Frankfurt a.M.;;60528;Germany
11071;BLONP;2;05/05/1998 00:00:00;02/06/1998 00:00:00;;1;0,9300;LILA-Supermercado;Carrera 52 con Ave. Bolívar #65-98 Llano Largo;Barquisimeto;Lara;3508;Venezuela
11072;BLONP;2;05/05/1998 00:00:00;02/06/1998 00:00:00;;2;258,6400;Ernst Handel;Kirchgasse 6;Graz;;8010;Austria
11073;BLONP;2;05/05/1998 00:00:00;02/06/1998 00:00:00;;2;24,9500;Pericles Comidas clásicas;Calle Dr. Jorge Cash 321;México D.F.;;05033;Mexico
11074;BLONP;2;06/05/1998 00:00:00;03/06/1998 00:00:00;;2;18,4400;Simons bistro;Vinbæltet 34;Kobenhavn;;1734;Denmark
11075;BLONP;2;06/05/1998 00:00:00;03/06/1998 00:00:00;;2;6,1900;Richter Supermarkt;Starenweg 5;Genève;;1204;Switzerland
11076;BLONP;2;06/05/1998 00:00:00;03/06/1998 00:00:00;;2;38,2800;Bon app';12, rue des Bouchers;Marseille;;13008;France
11077;PICCO;2;06/05/1998 00:00:00;03/06/1998 00:00:00;;2;8,5300;Rattlesnake Canyon Grocery;2817 Milton Dr.;Albuquerque;NM;87110;USA

